,Date,Tmax,Tmin,Tavg,DewPoint,WetBulb,SnowFall,PrecipTotal,AvgSpeed
0,2007-05-01,83.5,51.0,67.5,51.0,56.5,0.0,0.0,9.399999999999999
2,2007-05-02,59.5,42.5,51.5,42.0,47.0,0.0,0.0,13.4
4,2007-05-03,66.5,47.0,57.0,40.0,49.0,0.0,0.0,12.55
6,2007-05-04,72.0,50.0,61.0,41.5,50.0,0.0,0.0005,10.600000000000001
8,2007-05-05,66.0,53.5,60.0,38.5,49.5,0.0,0.001,11.75
10,2007-05-06,68.0,50.5,59.5,30.0,46.0,0.0,0.0,14.75
12,2007-05-07,83.5,48.5,66.0,40.0,53.5,0.0,0.0005,10.2
14,2007-05-08,81.0,57.0,69.0,57.5,62.5,0.0,0.0005,5.6
16,2007-05-09,76.5,62.0,69.5,59.5,63.0,0.0,0.075,6.050000000000001
18,2007-05-10,83.5,57.5,70.5,52.0,60.5,0.0,0.0,4.0
20,2007-05-11,71.5,50.0,61.0,43.0,51.0,0.0,0.0,12.850000000000001
22,2007-05-12,64.5,46.5,55.5,36.5,46.0,0.0,0.0,12.95
24,2007-05-13,69.0,43.5,56.5,32.5,46.0,0.0,0.0,7.85
26,2007-05-14,90.0,55.0,72.5,46.0,58.5,0.0,0.0,15.95
28,2007-05-15,81.0,56.5,69.0,56.0,61.0,0.0,0.49,11.55
30,2007-05-16,65.0,44.5,55.0,42.5,47.5,0.0,0.10500000000000001,12.0
32,2007-05-17,61.5,43.5,53.0,32.0,43.0,0.0,0.0,11.75
34,2007-05-18,70.5,42.5,57.0,30.5,46.5,0.0,0.0,6.5
36,2007-05-19,80.0,56.0,68.0,38.0,53.0,0.0,0.0,11.4
38,2007-05-20,69.0,43.5,56.5,40.5,44.5,0.0,0.09,10.2
40,2007-05-21,79.5,45.0,62.5,50.0,56.5,0.0,0.0,8.0
42,2007-05-22,87.0,57.5,72.5,45.0,58.0,0.0,0.0,10.399999999999999
44,2007-05-23,89.0,63.0,76.5,48.5,61.0,0.0,0.0,11.5
46,2007-05-24,88.0,64.5,76.5,53.5,63.0,0.0,0.0105,16.25
48,2007-05-25,68.0,56.5,62.5,45.0,53.0,0.0,0.0455,8.5
50,2007-05-26,67.5,49.5,58.5,55.0,56.5,0.0,0.645,7.5
52,2007-05-27,75.0,58.0,66.5,48.0,56.5,0.0,0.06,9.35
54,2007-05-28,77.5,52.0,65.0,48.0,56.5,0.0,0.0005,5.25
56,2007-05-29,88.0,62.5,75.5,58.5,65.5,0.0,0.0,6.95
58,2007-05-30,88.0,68.0,78.5,57.5,65.5,0.0,0.0,10.35
60,2007-05-31,79.0,66.5,73.0,61.0,65.5,0.0,0.27,9.55
62,2007-06-01,85.5,64.5,75.5,63.0,66.5,0.0,0.2,6.1
64,2007-06-02,81.0,66.5,74.0,62.5,67.0,0.0,0.0205,7.8
66,2007-06-03,77.5,63.0,70.5,60.0,63.5,0.0,0.165,6.95
68,2007-06-04,71.5,57.0,64.5,57.5,60.0,0.0,0.35,9.899999999999999
70,2007-06-05,63.5,49.0,56.5,47.5,51.5,0.0,0.345,7.85
72,2007-06-06,72.0,46.0,59.5,47.5,55.0,0.0,0.0055,11.0
74,2007-06-07,91.5,71.0,81.5,61.5,68.5,0.0,0.0,21.9
76,2007-06-08,81.0,60.0,70.5,53.5,61.5,0.0,0.0,13.100000000000001
78,2007-06-09,79.0,54.5,67.0,48.0,57.5,0.0,0.0,4.85
80,2007-06-10,81.0,58.0,69.5,50.5,59.5,0.0,0.0,5.699999999999999
82,2007-06-11,85.5,61.5,73.5,51.5,61.0,0.0,0.0,7.65
84,2007-06-12,82.5,64.0,73.5,50.5,60.5,0.0,0.0,9.4
86,2007-06-13,86.5,64.0,75.5,53.0,62.0,0.0,0.0,8.6
88,2007-06-14,89.0,66.0,78.0,54.5,63.5,0.0,0.0,6.6
90,2007-06-15,90.0,65.0,77.5,56.0,64.5,0.0,0.0,4.5
92,2007-06-16,92.5,67.0,80.0,60.5,67.5,0.0,0.001,5.949999999999999
94,2007-06-17,91.0,70.5,81.0,64.5,70.0,0.0,0.08,6.199999999999999
96,2007-06-18,89.0,71.0,80.0,65.0,70.0,0.0,0.15000000000000002,13.85
98,2007-06-19,80.5,65.0,73.0,55.0,63.0,0.0,0.755,11.350000000000001
100,2007-06-20,84.5,61.5,73.5,51.0,61.0,0.0,0.0,8.25
102,2007-06-21,78.5,63.5,71.0,51.0,60.5,0.0,0.0055,10.149999999999999
104,2007-06-22,75.5,61.5,69.0,49.5,58.0,0.0,0.001,8.399999999999999
106,2007-06-23,67.5,61.5,65.0,59.0,61.5,0.0,0.195,8.55
108,2007-06-24,76.0,64.0,70.0,62.0,65.0,0.0,0.0,7.0
110,2007-06-25,87.5,66.0,77.0,66.5,70.0,0.0,0.0,6.35
112,2007-06-26,91.5,71.5,81.5,69.0,72.0,0.0,0.0805,7.6
114,2007-06-27,90.0,71.0,80.5,69.5,72.0,0.0,0.25,8.65
116,2007-06-28,73.5,59.5,66.5,55.5,60.5,0.0,0.0,12.9
118,2007-06-29,70.5,56.0,63.5,55.5,59.5,0.0,0.0,8.25
120,2007-06-30,78.0,56.0,67.5,47.5,57.0,0.0,0.0,6.0
122,2007-07-01,75.5,57.5,67.0,51.5,58.5,0.0,0.0,9.149999999999999
124,2007-07-02,78.0,55.5,67.0,50.0,58.5,0.0,0.0,8.3
126,2007-07-03,83.0,61.5,72.5,56.5,63.0,0.0,0.245,7.35
128,2007-07-04,85.0,67.0,76.5,65.0,69.0,0.0,0.41000000000000003,8.5
130,2007-07-05,88.5,70.5,79.5,60.0,67.0,0.0,0.0,7.5
132,2007-07-06,85.0,67.0,76.0,57.0,64.5,0.0,0.0,5.5
134,2007-07-07,89.0,66.0,77.5,62.5,68.5,0.0,0.0,8.35
136,2007-07-08,93.5,75.0,84.5,67.0,72.0,0.0,0.0,12.899999999999999
138,2007-07-09,93.5,71.0,82.5,66.5,70.5,0.0,0.27,8.8
140,2007-07-10,89.0,69.5,79.5,67.0,70.5,0.0,0.255,10.35
142,2007-07-11,77.0,62.5,70.0,51.0,59.0,0.0,0.0,11.05
144,2007-07-12,80.0,60.5,70.5,51.0,59.5,0.0,0.0,11.25
146,2007-07-13,76.0,58.5,67.5,52.5,58.5,0.0,0.0,5.55
148,2007-07-14,84.5,61.5,73.5,55.0,62.0,0.0,0.0,13.55
150,2007-07-15,81.0,62.0,71.5,52.5,61.0,0.0,0.0,5.7
152,2007-07-16,82.0,65.5,74.0,60.0,65.0,0.0,0.23,5.9
154,2007-07-17,83.0,68.5,76.0,65.5,69.0,0.0,0.11,6.95
156,2007-07-18,85.0,69.0,77.0,68.5,71.0,0.0,1.235,10.35
158,2007-07-19,82.5,63.0,73.0,62.5,66.0,0.0,0.085,13.15
160,2007-07-20,74.5,60.0,67.5,52.5,59.0,0.0,0.0,10.3
162,2007-07-21,74.5,58.0,66.5,52.0,58.5,0.0,0.0,7.4
164,2007-07-22,81.0,59.5,70.5,54.5,61.0,0.0,0.0,3.4
166,2007-07-23,82.5,61.5,72.5,55.0,63.0,0.0,0.0,3.95
168,2007-07-24,82.0,65.0,74.0,57.5,64.0,0.0,0.0005,5.050000000000001
170,2007-07-25,84.0,70.5,77.5,60.5,66.5,0.0,0.0005,6.8
172,2007-07-26,83.5,65.0,74.5,65.0,68.0,0.0,0.54,9.65
174,2007-07-27,83.0,70.0,77.0,67.5,70.0,0.0,0.10500000000000001,8.0
176,2007-07-28,80.0,68.0,74.0,65.0,68.0,0.0,0.0,10.45
178,2007-07-29,85.0,65.0,75.0,56.5,64.0,0.0,0.0,6.300000000000001
180,2007-07-30,87.5,63.5,76.0,56.0,64.5,0.0,0.0,4.449999999999999
182,2007-07-31,90.0,68.5,79.5,60.5,68.0,0.0,0.0,4.95
184,2007-08-01,91.5,69.0,80.5,62.5,69.5,0.0,0.0,3.9
186,2007-08-02,91.0,71.5,81.5,66.0,71.5,0.0,0.0,6.550000000000001
188,2007-08-03,89.0,71.0,80.5,57.0,66.5,0.0,0.0,5.75
190,2007-08-04,81.0,66.0,74.0,58.0,64.5,0.0,0.025,6.35
192,2007-08-05,88.0,67.5,78.0,71.0,72.5,0.0,1.2,9.899999999999999
194,2007-08-06,86.5,74.5,80.5,72.0,74.0,0.0,0.155,4.75
196,2007-08-07,91.5,72.5,82.5,73.0,76.0,0.0,0.685,8.9
198,2007-08-08,87.0,73.5,80.5,71.5,73.5,0.0,0.075,6.65
200,2007-08-09,84.5,72.5,78.5,71.0,73.0,0.0,0.255,6.15
202,2007-08-10,86.0,71.5,79.0,68.5,72.0,0.0,0.0,5.65
204,2007-08-11,88.5,67.5,78.0,65.0,70.0,0.0,0.0,3.9
206,2007-08-12,87.5,67.5,78.0,67.0,70.5,0.0,0.26,6.0
208,2007-08-13,80.5,67.0,74.0,55.5,63.5,0.0,0.0,7.300000000000001
210,2007-08-14,84.0,65.0,75.0,66.5,69.5,0.0,0.43,8.5
212,2007-08-15,80.5,71.5,76.5,68.0,70.5,0.0,0.53,6.449999999999999
214,2007-08-16,77.0,66.0,71.5,64.5,67.5,0.0,0.0,5.7
216,2007-08-17,79.5,62.5,71.5,54.0,61.5,0.0,0.0,7.1
218,2007-08-18,68.5,59.5,64.5,54.0,58.0,0.0,0.255,7.55
220,2007-08-19,68.5,62.0,65.5,62.5,64.0,0.0,1.33,7.45
222,2007-08-20,77.0,68.0,72.5,68.5,69.5,0.0,0.6950000000000001,5.800000000000001
224,2007-08-21,86.0,69.0,77.5,70.0,72.0,0.0,0.0055,6.0
226,2007-08-22,90.0,69.5,80.0,70.5,73.0,0.0,0.625,8.95
228,2007-08-23,88.0,69.5,79.0,69.0,71.0,0.0,2.1550000000000002,10.399999999999999
230,2007-08-24,80.5,69.0,75.0,67.0,69.0,0.0,0.22,7.199999999999999
232,2007-08-25,77.5,64.5,71.5,63.0,66.0,0.0,0.29500000000000004,6.0
234,2007-08-26,78.5,60.5,70.0,55.0,61.5,0.0,0.0,5.0
236,2007-08-27,79.0,61.5,70.5,59.5,64.0,0.0,0.0,7.35
238,2007-08-28,90.5,68.0,79.5,65.5,70.0,0.0,0.0,8.9
240,2007-08-29,85.5,68.5,77.5,64.5,69.0,0.0,0.001,8.5
242,2007-08-30,75.0,58.5,67.0,54.0,60.5,0.0,0.0,10.4
244,2007-08-31,76.5,57.0,67.0,53.0,59.5,0.0,0.0,4.9
246,2007-09-01,80.0,58.5,69.5,55.5,61.5,0.0,0.0,4.7
248,2007-09-02,84.5,61.5,73.0,56.5,63.0,0.0,0.0,5.5
250,2007-09-03,88.0,65.0,76.5,61.0,67.0,0.0,0.0,6.0
252,2007-09-04,89.5,65.0,77.5,59.5,66.5,0.0,0.0,4.65
254,2007-09-05,90.5,69.0,80.0,62.5,69.0,0.0,0.0005,6.6
256,2007-09-06,83.0,73.5,78.5,66.5,70.0,0.0,0.13,12.55
258,2007-09-07,84.0,70.5,77.5,67.5,70.0,0.0,0.43000000000000005,13.45
260,2007-09-08,78.0,66.0,72.0,57.5,63.5,0.0,0.0,8.3
262,2007-09-09,79.5,63.0,71.5,59.0,63.5,0.0,0.0,10.4
264,2007-09-10,73.5,54.5,64.0,58.5,61.0,0.0,0.305,9.35
266,2007-09-11,71.0,50.5,61.0,44.0,52.0,0.0,0.001,13.6
268,2007-09-12,66.5,46.0,56.5,42.5,49.5,0.0,0.0,5.8
270,2007-09-13,78.5,51.5,65.0,44.0,54.0,0.0,0.0,8.1
272,2007-09-14,66.5,46.0,56.5,39.5,48.5,0.0,0.0,13.2
274,2007-09-15,61.5,40.5,51.0,34.0,44.0,0.0,0.0,6.25
276,2007-09-16,71.5,46.5,59.5,39.0,49.5,0.0,0.0,7.8
278,2007-09-17,80.0,53.5,67.0,48.5,57.0,0.0,0.0,11.55
280,2007-09-18,88.5,64.5,77.0,57.5,65.0,0.0,0.0,12.95
282,2007-09-19,84.0,66.5,75.5,59.0,65.0,0.0,0.0,9.35
284,2007-09-20,77.0,61.5,69.5,59.0,63.5,0.0,0.0,6.35
286,2007-09-21,89.0,66.0,77.5,59.0,66.0,0.0,0.0,11.95
288,2007-09-22,73.0,54.5,64.0,44.0,54.0,0.0,0.0,7.25
290,2007-09-23,83.5,52.5,68.0,50.0,58.5,0.0,0.0,5.85
292,2007-09-24,90.5,69.5,80.0,62.5,68.5,0.0,0.0,11.2
294,2007-09-25,84.0,65.0,74.5,65.5,69.0,0.0,0.14,9.95
296,2007-09-26,68.5,54.0,61.5,50.5,55.5,0.0,0.115,6.949999999999999
298,2007-09-27,74.5,50.5,62.5,49.0,55.0,0.0,0.001,6.15
300,2007-09-28,73.0,53.0,63.0,46.0,53.5,0.0,0.0,6.85
302,2007-09-29,81.0,51.0,66.0,45.5,55.0,0.0,0.0,9.3
304,2007-09-30,83.5,60.0,72.0,48.5,59.0,0.0,0.14,13.899999999999999
306,2007-10-01,68.5,59.0,64.0,59.0,61.0,0.0,0.22999999999999998,8.5
308,2007-10-02,79.0,58.0,69.0,59.0,63.0,0.0,0.1,10.7
310,2007-10-03,74.0,55.5,65.0,47.5,56.0,0.0,0.0005,7.1
312,2007-10-04,82.5,53.5,68.5,56.0,61.5,0.0,0.0,5.25
314,2007-10-05,84.5,65.0,75.0,65.0,68.5,0.0,0.03,7.0
316,2007-10-06,87.5,70.0,79.0,66.5,70.5,0.0,0.0,7.050000000000001
318,2007-10-07,87.5,68.5,78.0,65.5,70.0,0.0,0.0,5.9
320,2007-10-08,87.5,61.0,74.5,60.5,66.0,0.0,0.0,10.0
322,2007-10-09,76.5,49.5,63.5,44.0,53.0,0.0,0.0,13.05
324,2007-10-10,53.5,47.0,50.5,37.5,44.0,0.0,0.001,15.05
326,2007-10-11,55.0,47.0,51.0,39.0,45.0,0.0,0.0,14.2
328,2007-10-12,56.5,43.0,50.0,35.0,43.0,0.0,0.0,5.0
330,2007-10-13,59.0,42.0,51.0,40.5,47.0,0.0,0.0,4.1
332,2007-10-14,62.0,54.0,58.0,48.0,52.5,0.0,0.08,6.3
334,2007-10-15,75.5,53.0,64.5,51.0,57.0,0.0,0.05500000000000001,6.25
336,2007-10-16,67.5,54.0,61.0,54.5,57.5,0.0,0.215,7.4
338,2007-10-17,73.0,48.5,61.0,53.0,57.0,0.0,0.075,9.45
340,2007-10-18,78.5,59.5,69.5,56.5,61.5,0.0,0.32,18.049999999999997
342,2007-10-19,60.5,52.5,56.5,48.0,52.0,0.0,0.0055,17.35
344,2007-10-20,73.5,47.0,60.5,43.0,52.0,0.0,0.0,11.85
346,2007-10-21,79.5,60.5,70.0,46.5,56.5,0.0,0.0,17.5
348,2007-10-22,66.5,46.5,57.0,47.0,50.5,0.0,0.155,9.75
350,2007-10-23,55.5,44.5,50.5,37.5,44.5,0.0,0.015,8.05
352,2007-10-24,54.0,44.0,49.0,35.0,42.5,0.0,0.0,15.9
354,2007-10-25,56.0,45.0,50.5,39.5,46.0,0.0,0.001,14.399999999999999
356,2007-10-26,65.5,53.0,59.5,48.5,52.0,0.0,0.37,7.050000000000001
358,2007-10-27,56.0,38.0,47.0,39.5,45.5,0.0,0.045,9.5
360,2007-10-28,56.0,34.0,45.0,30.0,39.0,0.0,0.0,4.15
362,2007-10-29,60.5,39.0,50.0,32.0,42.0,0.0,0.0,9.850000000000001
364,2007-10-30,66.0,41.5,54.0,37.5,46.0,0.0,0.0,11.7
366,2007-10-31,62.5,42.0,52.5,37.5,46.0,0.0,0.0,14.65
368,2008-05-01,73.5,48.0,61.0,51.0,56.5,0.0,0.0005,10.95
370,2008-05-02,74.0,53.0,64.0,55.5,59.0,0.0,1.01,14.05
372,2008-05-03,56.0,43.5,50.0,41.5,46.0,0.0,0.0055,12.7
374,2008-05-04,65.5,38.5,52.5,33.5,45.0,0.0,0.0,5.949999999999999
376,2008-05-05,74.5,50.0,62.5,38.0,50.0,0.0,0.0,6.6
378,2008-05-06,81.5,49.0,65.5,43.5,55.0,0.0,0.0,7.95
380,2008-05-07,70.5,49.5,60.5,52.5,56.0,0.0,0.735,11.7
382,2008-05-08,59.0,46.0,52.5,35.5,44.5,0.0,0.0,13.8
384,2008-05-09,58.0,41.5,50.0,34.5,43.5,0.0,0.0,6.95
386,2008-05-10,61.0,39.5,50.5,38.0,45.5,0.0,0.0,6.449999999999999
388,2008-05-11,59.0,46.5,53.0,43.5,47.5,0.0,1.205,17.75
390,2008-05-12,54.5,40.5,47.5,38.5,43.0,0.0,0.0,7.699999999999999
392,2008-05-13,73.0,42.5,58.0,45.0,51.5,0.0,0.2,15.15
394,2008-05-14,62.5,45.5,54.5,48.5,52.0,0.0,0.02,9.25
396,2008-05-15,57.0,43.0,50.0,37.0,45.0,0.0,0.0,8.0
398,2008-05-16,72.5,40.5,57.0,41.0,50.0,0.0,0.0,9.100000000000001
400,2008-05-17,73.0,51.0,62.5,41.0,52.0,0.0,0.19,14.399999999999999
402,2008-05-18,55.0,44.5,50.0,39.5,45.5,0.0,0.0,8.05
404,2008-05-19,59.5,41.0,50.5,33.5,43.5,0.0,0.001,5.95
406,2008-05-20,65.0,48.0,57.0,37.0,47.0,0.0,0.0005,8.45
408,2008-05-21,65.5,43.0,54.5,36.0,46.0,0.0,0.0,9.0
410,2008-05-22,57.5,46.0,52.0,38.0,45.0,0.0,0.0,10.5
412,2008-05-23,58.0,47.0,53.0,39.5,45.5,0.0,0.0,10.8
414,2008-05-24,67.5,42.0,55.0,39.0,48.0,0.0,0.0,7.9
416,2008-05-25,78.0,47.5,63.0,49.0,57.0,0.0,0.0005,12.15
418,2008-05-26,82.5,50.0,66.5,60.0,64.5,0.0,0.24,11.9
420,2008-05-27,51.5,43.5,47.5,35.5,42.5,0.0,0.0005,18.35
422,2008-05-28,61.5,44.0,53.0,33.5,43.5,0.0,0.0,8.6
424,2008-05-29,67.5,43.5,56.0,37.5,47.5,0.0,0.045,4.0
426,2008-05-30,77.0,56.5,67.0,59.5,62.5,0.0,0.35,10.55
428,2008-05-31,79.0,59.5,69.5,56.0,62.0,0.0,0.0,12.100000000000001
430,2008-06-01,72.5,54.5,64.0,46.5,55.0,0.0,0.0,5.65
432,2008-06-02,85.5,58.5,72.0,52.5,60.5,0.0,0.0005,5.25
434,2008-06-03,71.5,56.0,64.0,56.5,58.5,0.0,0.72,7.949999999999999
436,2008-06-04,78.0,56.5,67.5,60.0,62.5,0.0,0.0105,4.75
438,2008-06-05,87.5,64.0,76.0,68.5,71.5,0.0,0.43,13.9
440,2008-06-06,86.5,73.0,80.0,68.5,72.0,0.0,0.0155,20.5
442,2008-06-07,84.5,70.5,77.5,71.0,73.0,0.0,0.09,12.8
444,2008-06-08,86.0,64.5,75.5,68.5,70.5,0.0,1.275,11.85
446,2008-06-09,74.0,65.0,70.0,64.0,66.0,0.0,0.175,8.25
448,2008-06-10,79.5,59.5,69.5,56.0,62.0,0.0,0.0055,10.0
450,2008-06-11,86.0,63.5,75.0,55.5,64.0,0.0,0.0,10.2
452,2008-06-12,91.0,73.0,82.0,63.0,69.5,0.0,0.0,15.7
454,2008-06-13,82.0,65.5,74.0,62.5,66.0,0.0,0.29000000000000004,10.350000000000001
456,2008-06-14,84.0,60.0,72.5,52.5,61.5,0.0,0.0,9.05
458,2008-06-15,81.5,60.5,71.0,60.0,64.0,0.0,0.235,9.75
460,2008-06-16,73.0,59.5,66.5,49.0,57.0,0.0,0.0,11.35
462,2008-06-17,76.0,55.5,66.0,46.0,55.0,0.0,0.0,11.0
464,2008-06-18,76.0,57.0,67.0,48.5,56.0,0.0,0.0,7.4
466,2008-06-19,80.5,53.5,67.5,46.5,56.5,0.0,0.0,5.25
468,2008-06-20,82.5,59.0,71.0,52.5,59.5,0.0,0.065,7.550000000000001
470,2008-06-21,82.5,61.5,72.5,52.5,61.0,0.0,0.01,7.35
472,2008-06-22,81.5,59.0,70.5,52.5,59.5,0.0,0.09,4.75
474,2008-06-23,76.5,56.5,67.0,54.0,59.0,0.0,0.0,6.4
476,2008-06-24,82.0,56.0,69.5,52.5,60.0,0.0,0.0,5.6
478,2008-06-25,79.0,66.5,73.0,64.5,67.5,0.0,0.095,8.9
480,2008-06-26,86.5,70.5,78.5,66.5,70.5,0.0,0.0,7.55
482,2008-06-27,84.5,67.5,76.0,67.0,70.0,0.0,0.001,8.25
484,2008-06-28,83.5,65.0,74.5,55.0,63.0,0.0,0.0205,13.85
486,2008-06-29,76.0,60.5,68.5,58.0,61.0,0.0,0.39999999999999997,9.899999999999999
488,2008-06-30,80.5,59.0,70.0,49.5,58.0,0.0,0.0,9.35
490,2008-07-01,83.5,57.5,71.0,50.5,60.0,0.0,0.0,8.15
492,2008-07-02,88.0,63.0,75.5,62.0,66.5,0.0,0.16,12.45
494,2008-07-03,71.0,57.0,64.0,51.0,57.0,0.0,0.001,12.75
496,2008-07-04,75.5,55.0,65.5,50.0,57.5,0.0,0.0,7.05
498,2008-07-05,79.5,55.5,67.5,52.0,59.5,0.0,0.0,6.35
500,2008-07-06,87.5,61.0,74.5,57.5,65.0,0.0,0.0,9.15
502,2008-07-07,87.0,72.5,80.0,67.5,71.0,0.0,0.07,11.65
504,2008-07-08,85.5,58.0,72.0,67.5,71.0,0.0,0.15500000000000003,8.7
506,2008-07-09,85.0,67.0,76.0,55.0,63.5,0.0,0.0005,9.7
508,2008-07-10,83.0,64.0,73.5,62.5,66.5,0.0,0.575,8.899999999999999
510,2008-07-11,88.5,64.0,76.5,65.0,69.0,0.0,0.185,7.95
512,2008-07-12,82.0,65.5,74.0,63.5,66.5,0.0,0.69,10.65
514,2008-07-13,79.0,61.5,70.5,53.5,61.0,0.0,0.0,13.100000000000001
516,2008-07-14,84.0,62.0,73.0,54.0,62.0,0.0,0.0,7.449999999999999
518,2008-07-15,90.5,64.0,77.5,62.5,68.5,0.0,0.0,7.8500000000000005
520,2008-07-16,90.5,72.0,81.5,66.5,70.5,0.0,0.0,7.300000000000001
522,2008-07-17,89.5,72.5,81.0,66.0,71.0,0.0,0.0,9.15
524,2008-07-18,88.5,73.5,81.0,67.5,71.5,0.0,0.0205,6.8
526,2008-07-19,79.0,68.5,74.0,69.0,70.0,0.0,1.415,5.85
528,2008-07-20,86.0,68.0,77.0,68.0,71.0,0.0,0.585,6.35
530,2008-07-21,83.5,69.0,76.5,65.5,68.5,0.0,0.13,7.7
532,2008-07-22,76.0,64.5,70.5,60.0,64.0,0.0,0.0305,9.0
534,2008-07-23,81.0,60.0,71.0,52.0,60.5,0.0,0.0,8.9
536,2008-07-24,82.0,59.5,71.0,52.5,61.0,0.0,0.0,4.550000000000001
538,2008-07-25,83.0,63.0,73.5,63.0,67.0,0.0,0.0,7.25
540,2008-07-26,84.5,66.0,75.5,58.0,65.5,0.0,0.0,8.4
542,2008-07-27,83.0,62.5,73.0,58.0,64.5,0.0,0.0,6.75
544,2008-07-28,84.5,68.0,76.5,63.0,67.5,0.0,0.0,6.25
546,2008-07-29,88.5,67.5,78.5,67.0,70.5,0.0,0.14,7.9
548,2008-07-30,89.5,72.0,81.0,66.0,70.5,0.0,0.0,9.149999999999999
550,2008-07-31,89.0,71.5,80.5,68.0,71.0,0.0,0.32,6.35
552,2008-08-01,89.0,70.0,80.0,68.5,72.5,0.0,0.525,4.65
554,2008-08-02,80.5,66.5,73.5,59.5,65.0,0.0,0.0,9.2
556,2008-08-03,84.5,62.0,73.5,61.0,66.5,0.0,0.0,6.25
558,2008-08-04,87.5,69.5,79.0,68.5,70.5,0.001,1.51,9.05
560,2008-08-05,87.5,70.0,79.0,68.0,71.5,0.0,0.04,6.85
562,2008-08-06,84.0,67.0,76.0,60.0,66.0,0.0,0.005,7.5
564,2008-08-07,81.5,63.5,72.5,56.5,63.0,0.0,0.005,9.25
566,2008-08-08,78.5,63.5,71.0,54.0,61.0,0.0,0.0,7.050000000000001
568,2008-08-09,79.0,61.5,70.5,58.0,62.5,0.0,0.001,9.3
570,2008-08-10,74.0,59.5,67.0,52.5,58.5,0.0,0.0,9.45
572,2008-08-11,76.5,59.5,68.0,57.0,61.5,0.0,0.0,6.199999999999999
574,2008-08-12,77.0,61.5,69.5,57.0,62.0,0.0,0.0,3.9
576,2008-08-13,78.0,66.0,72.5,59.0,63.0,0.0,0.0305,4.9
578,2008-08-14,78.5,64.0,71.5,60.0,64.0,0.0,0.0005,8.15
580,2008-08-15,78.0,61.0,70.0,54.5,61.0,0.0,0.0,8.5
582,2008-08-16,82.5,58.5,71.0,53.0,61.0,0.0,0.0,6.45
584,2008-08-17,84.5,63.0,74.0,59.5,65.0,0.0,0.0,8.4
586,2008-08-18,85.0,65.0,75.0,57.5,64.5,0.0,0.0,7.2
588,2008-08-19,83.0,64.0,74.0,64.0,67.5,0.0,0.0,6.35
590,2008-08-20,81.0,66.0,73.5,59.5,65.0,0.0,0.0,7.550000000000001
592,2008-08-21,82.0,68.5,75.5,60.5,66.0,0.0,0.001,8.05
594,2008-08-22,83.5,73.5,79.0,68.5,71.5,0.0,0.0455,12.15
596,2008-08-23,88.5,68.5,79.0,67.0,70.5,0.0,0.0,9.5
598,2008-08-24,77.5,64.0,71.0,57.0,62.5,0.0,0.0,9.85
600,2008-08-25,74.0,65.0,69.5,55.0,60.5,0.0,0.0,12.25
602,2008-08-26,75.5,61.0,68.5,54.5,60.5,0.0,0.0,8.95
604,2008-08-27,82.5,60.5,71.5,56.5,63.0,0.0,0.0,5.300000000000001
606,2008-08-28,80.5,65.0,73.0,64.5,67.5,0.0,0.04,6.6
608,2008-08-29,84.5,65.5,75.5,59.5,65.5,0.0,0.0205,6.3
610,2008-08-30,87.0,58.5,73.0,55.0,63.0,0.0,0.0,3.5
612,2008-08-31,89.5,62.5,76.0,56.5,64.5,0.0,0.0,5.300000000000001
614,2008-09-01,89.5,64.5,77.0,54.0,63.5,0.0,0.0,7.800000000000001
616,2008-09-02,94.5,66.5,81.0,61.0,68.0,0.0,0.0005,4.45
618,2008-09-03,77.0,67.0,72.5,61.0,64.5,0.0,0.01,11.25
620,2008-09-04,67.5,62.0,65.0,62.0,63.0,0.0,2.79,12.3
622,2008-09-05,69.0,57.5,63.5,57.0,59.5,0.0,0.005,5.800000000000001
624,2008-09-06,74.0,54.5,64.5,54.0,58.5,0.0,0.0055,5.4
626,2008-09-07,74.0,56.5,65.5,51.5,57.5,0.0,0.005,7.0
628,2008-09-08,68.5,52.5,61.0,53.0,55.5,0.0,1.12,6.550000000000001
630,2008-09-09,68.5,49.0,59.0,45.5,52.0,0.0,0.005,6.15
632,2008-09-10,72.0,49.0,60.5,47.5,54.0,0.0,0.0,5.0
634,2008-09-11,79.0,56.0,67.5,57.0,61.5,0.0,0.0005,9.600000000000001
636,2008-09-12,73.0,69.0,71.0,67.5,68.5,0.0,0.495,6.949999999999999
638,2008-09-13,76.0,68.5,72.5,70.0,71.0,0.0,4.8549999999999995,9.399999999999999
640,2008-09-14,72.0,58.0,65.0,61.5,62.5,0.0,1.595,10.0
642,2008-09-15,64.0,54.0,59.0,52.0,55.5,0.0,0.0055,6.199999999999999
644,2008-09-16,71.0,49.5,60.5,50.0,55.0,0.0,0.0,6.0
646,2008-09-17,82.5,57.5,70.5,56.0,60.5,0.0,0.0,7.55
648,2008-09-18,74.0,59.0,66.5,55.5,60.0,0.0,0.0,7.550000000000001
650,2008-09-19,78.0,56.0,67.5,53.5,59.5,0.0,0.0,6.4
652,2008-09-20,82.0,57.5,70.0,56.5,61.5,0.0,0.0,3.0
654,2008-09-21,80.0,59.0,69.5,61.0,64.5,0.0,0.0,3.9000000000000004
656,2008-09-22,81.5,62.0,72.0,59.0,64.0,0.0,0.0,7.65
658,2008-09-23,82.5,61.0,72.0,56.5,62.5,0.0,0.0,7.65
660,2008-09-24,82.0,59.5,71.0,58.0,63.0,0.0,0.1,4.75
662,2008-09-25,77.5,64.5,71.0,61.0,64.5,0.0,0.0,6.75
664,2008-09-26,78.5,59.5,69.0,54.5,60.5,0.0,0.0,4.449999999999999
666,2008-09-27,80.5,54.0,67.5,54.0,60.0,0.0,0.0,2.9000000000000004
668,2008-09-28,68.5,58.5,64.0,57.0,60.0,0.0,0.0,7.6
670,2008-09-29,64.5,55.0,60.0,56.0,58.0,0.0,0.46499999999999997,4.6
672,2008-09-30,60.0,48.0,54.5,44.5,49.5,0.0,0.005,10.5
674,2008-10-01,61.5,46.0,54.0,40.5,47.0,0.0,0.0,11.05
676,2008-10-02,61.5,42.5,52.5,40.0,47.0,0.0,0.0,9.649999999999999
678,2008-10-03,59.5,46.5,53.0,42.5,48.0,0.0,0.01,8.0
680,2008-10-04,60.5,40.0,50.5,38.5,45.5,0.0,0.0,4.35
682,2008-10-05,61.0,43.5,52.5,42.0,48.5,0.0,0.045,6.9
684,2008-10-06,69.5,55.0,62.5,46.5,54.0,0.0,0.0,9.899999999999999
686,2008-10-07,64.0,56.0,60.5,52.0,56.0,0.0,0.8300000000000001,11.100000000000001
688,2008-10-08,63.5,51.0,57.5,51.5,54.5,0.0,0.24,8.2
690,2008-10-09,69.0,47.5,58.5,38.5,49.0,0.0,0.0,5.3
692,2008-10-10,72.5,44.0,58.5,41.5,50.5,0.0,0.0,6.4
694,2008-10-11,79.5,53.0,66.5,50.0,57.0,0.0,0.0,5.0
696,2008-10-12,85.0,59.5,72.5,55.0,61.5,0.0,0.0,5.699999999999999
698,2008-10-13,78.0,62.5,70.5,57.5,63.0,0.0,0.0,8.399999999999999
700,2008-10-14,69.5,54.0,62.0,43.0,51.5,0.0,0.001,7.0
702,2008-10-15,63.5,48.5,56.0,50.5,53.5,0.0,0.27,6.55
704,2008-10-16,59.0,43.5,51.5,38.5,44.5,0.0,0.0,7.75
706,2008-10-17,56.5,43.5,50.0,39.5,45.0,0.0,0.0005,7.2
708,2008-10-18,60.0,44.5,52.5,40.5,46.0,0.0,0.095,5.699999999999999
710,2008-10-19,62.0,42.0,52.0,37.0,45.5,0.0,0.0,11.65
712,2008-10-20,55.5,43.5,49.5,42.5,46.5,0.0,0.245,7.5
714,2008-10-21,55.0,38.5,47.0,36.0,42.5,0.0,0.0,8.95
716,2008-10-22,53.0,37.5,45.5,29.5,40.0,0.0,0.0,12.85
718,2008-10-23,59.0,40.5,50.0,35.0,43.5,0.0,0.125,11.3
720,2008-10-24,55.0,44.5,50.0,44.0,47.0,0.0,0.475,6.5
722,2008-10-25,53.0,43.0,48.0,40.5,44.5,0.0,0.001,12.75
724,2008-10-26,56.0,36.5,46.5,33.0,41.0,0.001,0.0055,18.1
726,2008-10-27,47.0,33.5,40.5,27.5,35.0,0.001,0.001,14.15
728,2008-10-28,45.0,31.5,38.5,23.0,33.0,0.0,0.0,10.600000000000001
730,2008-10-29,51.0,32.5,42.0,24.5,34.5,0.0,0.0,6.15
732,2008-10-30,62.5,32.5,48.0,31.5,41.0,0.0,0.0,9.9
734,2008-10-31,70.5,48.5,59.5,46.0,51.0,0.0,0.0,7.65
736,2009-05-01,61.0,47.0,54.0,41.0,47.5,0.0,0.03,8.55
738,2009-05-02,65.5,44.5,55.0,33.5,45.5,0.0,0.0,9.35
740,2009-05-03,70.0,44.0,57.5,34.5,47.5,0.0,0.0,4.85
742,2009-05-04,70.0,46.0,58.5,35.0,47.5,0.0,0.0,8.0
744,2009-05-05,70.5,51.5,61.0,40.5,50.5,0.0,0.0,5.95
746,2009-05-06,75.0,53.5,64.5,51.0,55.5,0.0,0.765,7.65
748,2009-05-07,77.0,56.0,67.0,52.5,57.5,0.0,0.11,9.75
750,2009-05-08,75.5,55.0,65.5,54.0,58.5,0.0,0.015,6.05
752,2009-05-09,63.5,45.5,55.0,44.0,48.5,0.0,0.0005,11.55
754,2009-05-10,67.0,41.5,54.5,39.5,46.5,0.0,0.01,8.7
756,2009-05-11,61.0,39.5,50.5,34.5,44.0,0.0,0.0,4.55
758,2009-05-12,71.5,41.5,56.5,33.0,47.0,0.0,0.0,9.55
760,2009-05-13,70.5,53.5,62.5,57.0,59.0,0.0,0.79,15.6
762,2009-05-14,68.5,54.0,61.5,44.0,52.5,0.0,0.0005,11.0
764,2009-05-15,62.0,53.5,58.0,51.5,54.5,0.0,0.5449999999999999,7.300000000000001
766,2009-05-16,62.0,46.0,54.5,40.5,49.5,0.0,0.02,12.45
768,2009-05-17,61.0,40.0,50.5,27.5,42.0,0.0,0.0,6.35
770,2009-05-18,66.5,42.5,54.5,31.5,45.0,0.0,0.001,9.7
772,2009-05-19,80.0,53.0,66.5,43.5,54.5,0.0,0.0,13.100000000000001
774,2009-05-20,84.5,61.0,73.0,43.5,57.0,0.0,0.0005,13.35
776,2009-05-21,84.5,60.0,72.5,48.5,59.0,0.0,0.0,11.850000000000001
778,2009-05-22,69.5,54.5,62.0,46.5,53.5,0.0,0.0,10.649999999999999
780,2009-05-23,79.5,52.5,66.0,50.5,57.5,0.0,0.0005,5.6
782,2009-05-24,70.5,55.5,63.0,46.5,53.5,0.0,0.0,10.9
784,2009-05-25,65.5,55.0,60.5,44.5,52.0,0.0,0.06,10.15
786,2009-05-26,75.0,54.5,65.0,52.5,56.5,0.0,1.555,7.3
788,2009-05-27,74.0,56.5,65.5,59.0,61.5,0.0,0.0105,7.75
790,2009-05-28,63.0,54.5,59.0,51.0,54.0,0.0,0.0,8.2
792,2009-05-29,75.5,52.5,64.0,49.0,55.0,0.0,0.0005,6.85
794,2009-05-30,79.0,51.5,65.5,46.0,54.5,0.0,0.001,6.699999999999999
796,2009-05-31,72.5,47.0,60.0,42.0,51.0,0.0,0.0,5.449999999999999
798,2009-06-01,79.0,51.5,65.5,53.5,57.5,0.0,0.635,10.55
800,2009-06-02,60.5,49.0,55.0,46.5,50.5,0.0,0.09,8.6
802,2009-06-03,61.0,45.0,53.0,39.5,47.0,0.0,0.0,11.05
804,2009-06-04,68.0,44.5,56.5,37.5,48.5,0.0,0.0,6.15
806,2009-06-05,79.5,45.5,63.0,43.5,54.0,0.0,0.0,6.95
808,2009-06-06,64.5,53.0,59.0,46.5,51.5,0.0,0.0105,7.45
810,2009-06-07,73.5,54.0,64.0,53.5,58.0,0.0,0.0205,7.300000000000001
812,2009-06-08,81.0,53.5,67.5,60.5,64.0,0.0,0.375,9.6
814,2009-06-09,67.0,55.5,61.5,53.0,56.0,0.0,0.001,7.1
816,2009-06-10,67.0,54.5,61.0,49.5,54.0,0.0,0.025,8.95
818,2009-06-11,62.0,53.0,58.0,52.0,54.0,0.0,0.575,9.65
820,2009-06-12,73.0,49.5,61.5,49.0,55.0,0.0,0.001,6.25
822,2009-06-13,67.0,55.0,61.0,51.5,55.0,0.0,0.32,7.15
824,2009-06-14,76.5,52.5,64.5,49.0,57.0,0.0,0.0,5.25
826,2009-06-15,81.0,55.0,68.0,49.0,58.0,0.0,0.0,7.050000000000001
828,2009-06-16,71.0,61.5,66.5,56.0,60.5,0.0,1.15,11.25
830,2009-06-17,72.0,62.0,67.0,59.5,62.5,0.0,0.0,6.45
832,2009-06-18,80.5,62.0,71.5,63.5,67.0,0.0,0.11499999999999999,6.85
834,2009-06-19,87.0,65.5,76.5,67.5,69.5,0.0,2.42,11.05
836,2009-06-20,87.5,68.5,78.5,65.0,70.0,0.0,0.0,8.6
838,2009-06-21,85.0,70.5,78.0,63.5,68.5,0.0,0.0055,3.7
840,2009-06-22,89.0,69.0,79.5,67.0,71.0,0.0,0.075,6.4
842,2009-06-23,93.0,73.0,83.5,68.5,73.0,0.0,0.0,4.0
844,2009-06-24,93.5,74.0,84.0,68.0,73.0,0.0,0.41000000000000003,5.05
846,2009-06-25,93.5,75.5,85.0,68.5,73.0,0.0,0.0005,4.75
848,2009-06-26,86.0,70.5,78.5,60.5,66.0,0.0,0.0,8.1
850,2009-06-27,89.5,64.5,77.5,60.5,67.0,0.0,0.175,6.9
852,2009-06-28,83.0,67.0,75.5,53.0,62.0,0.0,0.0,14.1
854,2009-06-29,77.5,64.0,71.0,54.0,61.0,0.0,0.0,13.399999999999999
856,2009-06-30,67.0,60.0,64.0,53.0,57.5,0.0,0.0,8.7
858,2009-07-01,65.0,57.0,61.0,53.0,56.5,0.0,0.0105,8.05
860,2009-07-02,73.0,59.5,66.5,54.5,60.0,0.0,0.0,8.2
862,2009-07-03,79.0,62.5,71.0,56.0,62.0,0.0,0.0,6.15
864,2009-07-04,69.0,61.0,65.0,58.0,61.5,0.0,0.16,4.25
866,2009-07-05,81.5,59.0,70.5,58.5,63.5,0.0,0.04,2.5
868,2009-07-06,85.5,61.5,73.5,54.0,62.5,0.0,0.0,6.65
870,2009-07-07,76.5,62.0,69.5,54.5,60.5,0.0,0.0005,7.25
872,2009-07-08,66.5,61.5,64.0,55.5,59.0,0.0,0.115,7.2
874,2009-07-09,79.5,61.0,70.5,57.5,63.5,0.0,0.0,7.1
876,2009-07-10,83.0,65.0,74.5,64.5,67.5,0.0,0.1,4.75
878,2009-07-11,85.0,65.5,75.5,59.5,66.0,0.0,0.685,7.3
880,2009-07-12,82.0,59.0,70.5,50.5,60.0,0.0,0.0,5.45
882,2009-07-13,78.5,63.5,71.0,47.0,58.0,0.0,0.0,6.6
884,2009-07-14,80.5,57.5,69.5,50.0,59.5,0.0,0.0,7.6
886,2009-07-15,85.5,66.0,76.0,62.0,67.0,0.0,0.5,13.100000000000001
888,2009-07-16,81.0,64.5,73.0,56.5,62.5,0.0,0.0855,10.55
890,2009-07-17,70.0,57.5,64.0,51.5,56.5,0.0,0.0005,10.600000000000001
892,2009-07-18,72.5,57.5,65.5,52.0,57.5,0.0,0.0,7.6499999999999995
894,2009-07-19,72.0,58.5,65.5,52.5,58.5,0.0,0.0,4.3
896,2009-07-20,76.0,57.0,67.0,55.5,60.5,0.0,0.0,6.0
898,2009-07-21,81.0,61.0,71.0,56.5,62.5,0.0,0.02,6.05
900,2009-07-22,78.5,64.5,72.0,60.0,64.0,0.0,0.0005,5.45
902,2009-07-23,80.5,62.5,71.5,59.0,63.5,0.0,0.05,5.5
904,2009-07-24,83.0,61.5,72.5,59.5,64.5,0.0,0.165,9.7
906,2009-07-25,81.0,66.0,74.0,58.5,64.5,0.0,0.0005,11.3
908,2009-07-26,82.0,63.5,73.0,58.5,64.5,0.0,0.0005,9.0
910,2009-07-27,84.0,65.0,74.5,61.0,66.5,0.0,0.025,9.85
912,2009-07-28,85.0,67.0,76.0,61.0,66.5,0.0,0.01,7.85
914,2009-07-29,80.0,64.0,72.5,51.5,60.0,0.0,0.0,7.1
916,2009-07-30,79.5,62.0,71.0,57.0,62.5,0.0,0.001,5.9
918,2009-07-31,81.5,60.0,71.0,54.5,61.5,0.0,0.0,7.0
920,2009-08-01,75.0,62.0,68.5,59.0,62.5,0.0,0.0055,10.95
922,2009-08-02,78.5,57.5,68.5,51.5,59.0,0.0,0.0,9.0
924,2009-08-03,85.0,67.5,76.5,60.5,66.0,0.0,0.065,11.850000000000001
926,2009-08-04,85.5,68.0,77.0,62.0,67.5,0.0,0.0,6.0
928,2009-08-05,79.0,63.5,71.5,55.0,62.0,0.0,0.0,4.9
930,2009-08-06,81.5,61.0,71.5,51.0,60.0,0.0,0.0,5.45
932,2009-08-07,74.0,65.5,70.0,59.0,63.0,0.0,0.28,7.5
934,2009-08-08,89.0,68.5,79.0,70.0,73.0,0.0,0.05,13.2
936,2009-08-09,91.5,77.0,84.5,71.5,74.5,0.0,0.09999999999999999,12.600000000000001
938,2009-08-10,85.5,70.5,78.5,65.5,69.5,0.0,0.0,8.05
940,2009-08-11,81.5,63.5,72.5,61.5,66.0,0.0,0.0,8.35
942,2009-08-12,82.5,61.5,72.5,55.5,62.5,0.0,0.0,6.45
944,2009-08-13,86.0,61.5,74.0,55.0,63.0,0.0,0.0,3.9
946,2009-08-14,88.0,65.0,77.0,59.0,66.0,0.0,0.0,6.1
948,2009-08-15,89.0,68.5,79.0,61.0,67.5,0.0,0.0,8.8
950,2009-08-16,89.0,70.5,80.0,67.5,70.5,0.0,0.45,10.149999999999999
952,2009-08-17,83.0,70.5,77.0,68.0,70.5,0.0,0.45999999999999996,6.65
954,2009-08-18,83.5,65.5,74.5,60.0,65.5,0.0,0.0,8.2
956,2009-08-19,82.0,61.5,72.0,61.0,65.5,0.0,0.48,8.45
958,2009-08-20,78.5,64.0,71.5,61.0,65.0,0.0,0.095,12.6
960,2009-08-21,73.5,59.0,66.5,58.0,61.0,0.0,0.10500000000000001,11.95
962,2009-08-22,68.5,57.5,63.5,52.0,56.5,0.0,0.0,9.9
964,2009-08-23,73.5,57.0,65.5,54.0,58.5,0.0,0.0,7.0
966,2009-08-24,79.0,55.5,67.5,56.5,61.5,0.0,0.0,5.4
968,2009-08-25,82.5,60.0,71.5,61.0,65.0,0.0,0.0,8.899999999999999
970,2009-08-26,72.5,63.0,68.0,63.0,64.5,0.0,0.7350000000000001,7.55
972,2009-08-27,67.0,61.5,64.5,60.5,62.0,0.0,1.0699999999999998,10.35
974,2009-08-28,69.5,60.5,65.0,61.0,62.5,0.0,0.25,5.550000000000001
976,2009-08-29,69.0,56.0,63.0,51.5,56.5,0.0,0.015,11.45
978,2009-08-30,66.0,51.0,59.0,47.0,52.5,0.0,0.0005,9.9
980,2009-08-31,67.5,49.0,58.5,44.0,52.0,0.0,0.0,6.4
982,2009-09-01,71.5,48.5,60.5,48.0,54.0,0.0,0.0,3.45
984,2009-09-02,72.5,51.5,62.5,50.5,56.0,0.0,0.0,4.5
986,2009-09-03,75.0,56.5,66.0,54.5,59.5,0.0,0.0,5.95
988,2009-09-04,75.0,56.0,66.0,54.5,59.5,0.0,0.0,4.25
990,2009-09-05,78.0,55.5,67.0,57.0,61.5,0.0,0.0,5.55
992,2009-09-06,77.0,63.5,70.5,59.0,63.5,0.0,0.0155,5.949999999999999
994,2009-09-07,77.0,61.0,69.0,59.0,62.5,0.0,0.0,5.45
996,2009-09-08,78.0,61.0,69.5,61.0,64.0,0.0,0.0,7.65
998,2009-09-09,77.5,66.5,72.5,63.0,65.5,0.0,0.0,7.050000000000001
1000,2009-09-10,80.5,64.5,73.0,62.0,65.5,0.0,0.0,7.05
1002,2009-09-11,79.0,62.5,71.0,59.0,63.5,0.0,0.0,6.15
1004,2009-09-12,78.5,59.5,69.5,60.5,63.5,0.0,0.0,4.65
1006,2009-09-13,79.5,57.5,68.5,54.5,60.5,0.0,0.005,3.6
1008,2009-09-14,84.0,58.5,71.5,55.5,61.5,0.0,0.0,2.4000000000000004
1010,2009-09-15,82.5,63.5,73.0,58.5,63.5,0.0,0.0,7.25
1012,2009-09-16,71.5,60.5,66.0,54.0,59.5,0.0,0.0,12.4
1014,2009-09-17,71.5,52.0,62.0,51.5,56.5,0.0,0.0,4.800000000000001
1016,2009-09-18,79.0,51.0,65.5,55.0,59.0,0.0,0.0,6.550000000000001
1018,2009-09-19,75.5,56.5,66.5,55.0,59.5,0.0,0.0,5.85
1020,2009-09-20,72.0,54.0,63.5,56.0,60.0,0.0,0.595,7.6
1022,2009-09-21,68.0,61.5,65.0,59.5,61.5,0.0,0.001,5.05
1024,2009-09-22,76.5,61.0,69.0,65.0,67.0,0.0,0.02,7.5
1026,2009-09-23,76.0,62.0,69.0,62.5,64.0,0.0,0.0,4.35
1028,2009-09-24,72.0,64.0,68.5,62.5,64.5,0.0,0.0,4.550000000000001
1030,2009-09-25,70.0,60.0,65.0,57.0,60.0,0.0,0.09,6.8
1032,2009-09-26,67.5,55.5,61.5,56.0,59.0,0.0,0.0005,4.6
1034,2009-09-27,74.0,51.5,63.0,53.0,57.5,0.0,0.27999999999999997,10.2
1036,2009-09-28,62.5,49.5,56.5,42.0,49.0,0.0,0.0055,20.45
1038,2009-09-29,59.0,48.0,53.5,42.0,48.0,0.0,0.0005,10.25
1040,2009-09-30,61.5,48.0,55.0,41.0,47.5,0.0,0.0,6.9
1042,2009-10-01,59.0,42.5,51.0,46.0,49.0,0.0,0.74,9.1
1044,2009-10-02,56.0,47.5,52.0,46.0,48.0,0.0,0.19,11.8
1046,2009-10-03,57.5,47.0,52.5,47.0,49.0,0.0,0.07,8.600000000000001
1048,2009-10-04,60.5,45.0,53.0,42.5,47.0,0.0,0.0005,9.25
1050,2009-10-05,61.5,42.5,52.5,42.0,47.0,0.0,0.0,4.95
1052,2009-10-06,61.5,49.0,55.5,46.5,50.5,0.0,0.04,15.0
1054,2009-10-07,60.0,45.0,53.0,39.0,46.0,0.0,0.0,10.45
1056,2009-10-08,53.5,46.0,50.0,46.0,48.5,0.0,0.13,5.199999999999999
1058,2009-10-09,52.0,39.5,46.0,43.5,45.5,0.0,0.445,10.1
1060,2009-10-10,48.0,32.0,40.5,30.0,35.5,0.0,0.0,7.949999999999999
1062,2009-10-11,44.5,29.0,37.0,22.5,32.5,0.0,0.0,4.9
1064,2009-10-12,48.5,41.5,45.5,35.0,40.5,0.0,0.0105,3.65
1066,2009-10-13,47.5,35.0,41.5,32.0,38.5,0.0,0.0,10.65
1068,2009-10-14,48.0,42.0,45.0,36.0,41.0,0.0,0.03,11.35
1070,2009-10-15,44.0,41.0,43.0,38.0,40.0,0.0,0.31,9.55
1072,2009-10-16,45.5,39.5,42.5,36.0,39.5,0.001,0.06,8.149999999999999
1074,2009-10-17,52.0,37.5,45.0,33.5,39.5,0.0,0.0055,7.949999999999999
1076,2009-10-18,53.0,32.0,42.5,33.0,39.5,0.0,0.0,6.550000000000001
1078,2009-10-19,65.5,43.5,55.0,40.5,47.0,0.0,0.0,11.15
1080,2009-10-20,63.0,49.5,56.5,47.5,52.0,0.0,0.04,6.35
1082,2009-10-21,69.5,55.0,62.5,51.0,55.5,0.0,0.0055,11.35
1084,2009-10-22,58.0,48.5,53.5,48.5,50.5,0.0,0.935,13.1
1086,2009-10-23,61.5,43.0,52.5,49.5,50.5,0.0,1.09,15.8
1088,2009-10-24,49.5,38.5,44.0,37.0,40.5,0.0,0.045,9.600000000000001
1090,2009-10-25,62.5,44.0,53.5,44.0,48.5,0.0,0.255,7.1
1092,2009-10-26,55.0,49.5,52.5,47.5,49.0,0.0,0.12,7.15
1094,2009-10-27,51.5,46.5,49.0,45.5,47.5,0.0,0.11,6.75
1096,2009-10-28,57.5,50.0,54.0,49.0,51.0,0.0,0.0,3.65
1098,2009-10-29,60.0,47.5,54.0,50.0,52.0,0.0,0.825,12.05
1100,2009-10-30,67.5,46.5,57.5,53.5,56.0,0.0,0.98,17.65
1102,2009-10-31,46.5,36.0,41.5,31.0,38.0,0.0,0.0055,12.65
1104,2010-05-01,70.5,59.5,65.0,53.5,58.5,0.0,0.06,8.75
1106,2010-05-02,68.5,53.5,61.0,52.0,56.0,0.0,0.62,6.5
1108,2010-05-03,72.0,51.0,61.5,45.0,53.0,0.0,0.0,9.45
1110,2010-05-04,79.5,51.5,66.0,43.5,54.0,0.0,0.0,13.399999999999999
1112,2010-05-05,72.5,56.5,64.5,37.0,51.0,0.0,0.001,12.45
1114,2010-05-06,61.5,47.0,54.5,39.0,46.0,0.0,0.030000000000000002,9.6
1116,2010-05-07,59.0,45.5,52.5,46.0,48.5,0.0,0.73,13.5
1118,2010-05-08,50.0,42.0,46.0,35.0,41.0,0.0,0.05,14.8
1120,2010-05-09,57.0,37.5,47.5,29.0,40.0,0.0,0.0,6.15
1122,2010-05-10,58.0,42.0,50.5,30.0,42.0,0.0,0.001,13.6
1124,2010-05-11,55.5,44.0,50.0,46.0,47.5,0.0,0.845,10.15
1126,2010-05-12,52.0,45.0,49.0,45.0,46.5,0.0,0.13,10.2
1128,2010-05-13,75.5,48.5,62.5,53.5,56.0,0.0,1.23,12.850000000000001
1130,2010-05-14,66.5,48.0,57.5,43.5,50.5,0.0,0.0,11.75
1132,2010-05-15,62.0,45.0,53.5,41.5,48.0,0.0,0.0,6.1
1134,2010-05-16,66.0,43.5,55.0,43.0,49.5,0.0,0.0,10.8
1136,2010-05-17,59.0,51.0,55.0,42.5,48.5,0.0,0.06,9.3
1138,2010-05-18,63.5,47.5,56.0,40.5,48.0,0.0,0.0,9.95
1140,2010-05-19,73.5,45.0,59.5,39.0,50.5,0.0,0.0,6.85
1142,2010-05-20,73.0,49.0,61.5,49.0,55.0,0.0,0.07,7.6
1144,2010-05-21,72.5,56.0,64.5,58.0,60.0,0.0,0.305,6.25
1146,2010-05-22,73.0,58.0,65.5,59.0,61.0,0.0,0.005,5.75
1148,2010-05-23,89.0,63.5,76.5,65.5,69.0,0.0,0.0,10.0
1150,2010-05-24,91.0,71.5,81.5,66.5,71.5,0.0,0.0,8.05
1152,2010-05-25,87.5,70.0,79.0,61.5,68.0,0.0,0.0,7.949999999999999
1154,2010-05-26,86.0,68.0,77.5,62.5,68.0,0.0,0.001,5.15
1156,2010-05-27,77.0,62.0,69.5,50.0,59.0,0.0,0.0,11.85
1158,2010-05-28,77.5,58.0,68.0,49.5,58.0,0.0,0.0,9.4
1160,2010-05-29,85.0,60.5,73.0,57.0,63.0,0.0,0.0,5.699999999999999
1162,2010-05-30,91.0,62.5,77.0,59.0,66.0,0.0,0.0005,6.0
1164,2010-05-31,82.5,65.5,74.5,64.5,67.0,0.0,0.915,4.75
1166,2010-06-01,84.5,64.0,74.5,62.5,67.0,0.0,0.0,6.05
1168,2010-06-02,77.0,58.0,67.5,61.0,64.0,0.0,1.1600000000000001,9.399999999999999
1170,2010-06-03,71.0,57.0,64.5,46.0,55.0,0.0,0.0,7.75
1172,2010-06-04,83.0,58.5,71.0,59.5,64.5,0.0,0.0005,9.15
1174,2010-06-05,79.0,60.0,70.0,64.0,66.5,0.0,0.33,7.9
1176,2010-06-06,75.5,56.5,66.5,54.5,59.0,0.0,0.001,10.8
1178,2010-06-07,69.5,55.0,62.5,48.5,55.0,0.0,0.0,7.4
1180,2010-06-08,67.0,58.5,63.0,57.0,59.0,0.0,0.39,9.5
1182,2010-06-09,83.0,66.0,74.5,55.5,63.0,0.0,0.0,10.8
1184,2010-06-10,76.0,59.0,68.0,54.0,60.0,0.0,0.0,6.7
1186,2010-06-11,88.5,64.0,76.5,67.0,71.0,0.0,0.215,10.35
1188,2010-06-12,77.0,62.0,70.0,63.0,65.0,0.0,0.23,7.75
1190,2010-06-13,72.0,61.5,67.0,61.5,63.5,0.0,0.25,4.8
1192,2010-06-14,71.0,60.5,66.0,61.0,62.5,0.0,0.0055,6.55
1194,2010-06-15,79.0,60.5,70.0,65.5,67.0,0.0,0.735,5.9
1196,2010-06-16,84.0,64.0,74.5,60.5,65.0,0.0,0.0,9.6
1198,2010-06-17,84.0,65.5,75.0,61.5,67.0,0.0,0.0,7.2
1200,2010-06-18,90.5,66.5,79.0,66.0,69.0,0.0,0.765,10.0
1202,2010-06-19,85.5,66.0,76.0,60.5,66.0,0.0,0.0,11.05
1204,2010-06-20,80.5,65.5,73.5,60.5,65.0,0.0,0.001,4.95
1206,2010-06-21,85.0,67.5,76.5,66.0,69.0,0.0,0.31,7.7
1208,2010-06-22,85.5,69.5,77.5,68.0,71.0,0.0,0.0,7.050000000000001
1210,2010-06-23,87.0,68.0,77.5,69.5,71.0,0.0,1.05,11.5
1212,2010-06-24,82.5,65.0,74.0,59.5,65.0,0.0,0.0,8.399999999999999
1214,2010-06-25,84.0,64.0,74.0,61.5,66.5,0.0,0.0,7.5
1216,2010-06-26,87.5,68.5,78.0,65.5,69.5,0.0,0.7749999999999999,6.85
1218,2010-06-27,86.0,72.0,79.5,69.5,72.5,0.0,0.71,9.55
1220,2010-06-28,82.0,64.0,73.5,59.0,65.0,0.0,0.0,11.5
1222,2010-06-29,74.0,60.5,67.5,52.5,59.0,0.0,0.0,8.05
1224,2010-06-30,75.5,56.5,66.5,50.0,57.0,0.0,0.0,6.3
1226,2010-07-01,77.0,56.5,67.0,47.5,57.0,0.0,0.0,5.75
1228,2010-07-02,83.0,60.5,72.0,51.5,60.5,0.0,0.0,8.0
1230,2010-07-03,87.0,62.0,75.0,55.0,63.0,0.0,0.0,8.7
1232,2010-07-04,91.5,70.0,81.0,65.5,71.0,0.0,0.015,10.6
1234,2010-07-05,90.5,78.5,85.0,63.5,70.5,0.0,0.0,14.3
1236,2010-07-06,90.5,74.0,82.5,68.5,72.5,0.0,0.205,9.6
1238,2010-07-07,93.5,71.5,82.5,69.5,73.0,0.0,0.125,5.9
1240,2010-07-08,87.5,73.5,81.0,69.5,72.5,0.0,0.155,5.050000000000001
1242,2010-07-09,87.5,71.0,79.5,59.0,67.0,0.0,0.001,7.0
1244,2010-07-10,89.0,69.0,79.0,60.0,67.5,0.0,0.005,7.55
1246,2010-07-11,85.0,66.5,76.0,62.5,67.0,0.0,0.78,7.25
1248,2010-07-12,84.0,65.0,75.0,64.5,68.0,0.0,0.0055,4.25
1250,2010-07-13,84.0,70.5,77.5,64.5,68.5,0.0,0.095,6.5
1252,2010-07-14,90.5,71.0,81.0,70.0,73.5,0.0,0.0,9.649999999999999
1254,2010-07-15,91.0,72.0,82.0,69.0,73.0,0.0,0.005,10.2
1256,2010-07-16,90.0,67.5,79.0,61.0,68.0,0.0,0.0,8.0
1258,2010-07-17,92.5,71.0,82.0,63.5,70.0,0.0,0.0,6.65
1260,2010-07-18,91.5,73.0,82.5,69.0,73.0,0.0,0.15,9.45
1262,2010-07-19,84.0,70.5,77.5,66.0,70.0,0.0,0.0055,4.9
1264,2010-07-20,85.5,68.5,77.0,67.0,70.0,0.0,0.0005,7.550000000000001
1266,2010-07-21,90.5,72.5,82.0,65.5,70.5,0.0,0.0,6.55
1268,2010-07-22,90.0,70.5,80.5,70.5,74.0,0.0,0.015,10.45
1270,2010-07-23,94.5,70.5,82.5,71.0,74.0,0.0,2.9699999999999998,11.4
1272,2010-07-24,87.0,69.0,78.0,70.5,72.5,0.0,4.1850000000000005,9.5
1274,2010-07-25,81.0,67.0,74.5,59.5,65.5,0.0,0.26,9.399999999999999
1276,2010-07-26,84.0,62.5,73.5,62.0,67.0,0.0,0.0,5.300000000000001
1278,2010-07-27,88.0,69.5,79.0,66.5,71.0,0.0,0.0,6.550000000000001
1280,2010-07-28,89.5,75.0,82.5,71.0,74.5,0.0,0.0,9.05
1282,2010-07-29,81.5,68.0,75.0,58.5,65.0,0.0,0.0,7.4
1284,2010-07-30,79.5,70.0,75.0,59.5,65.0,0.0,0.001,5.949999999999999
1286,2010-07-31,79.0,65.0,72.5,63.5,66.5,0.0,0.64,5.3
1288,2010-08-01,85.0,65.5,75.5,64.5,68.0,0.0,0.0,4.0
1290,2010-08-02,84.0,68.5,76.5,66.5,70.0,0.0,0.0405,6.5
1292,2010-08-03,86.5,65.5,76.0,70.5,73.0,0.0,0.9400000000000001,3.45
1294,2010-08-04,82.0,71.0,76.5,71.5,73.0,0.0,0.5249999999999999,4.550000000000001
1296,2010-08-05,83.5,68.0,76.0,62.0,67.0,0.0,0.0,10.350000000000001
1298,2010-08-06,82.0,64.0,73.0,58.5,64.0,0.0,0.0,6.4
1300,2010-08-07,83.5,64.0,74.0,63.5,67.5,0.0,0.0,7.75
1302,2010-08-08,87.0,70.0,78.5,66.5,70.0,0.0,0.065,9.600000000000001
1304,2010-08-09,88.5,73.5,81.0,70.0,73.5,0.0,0.0755,6.8
1306,2010-08-10,88.5,76.0,82.5,71.0,74.0,0.0,0.0,5.4
1308,2010-08-11,90.0,76.0,83.5,69.5,74.0,0.0,0.0,6.7
1310,2010-08-12,90.5,74.5,82.5,69.5,74.0,0.0,0.0,5.7
1312,2010-08-13,92.5,72.5,83.0,70.0,74.0,0.0,0.455,8.3
1314,2010-08-14,88.0,72.0,80.0,68.5,72.5,0.0,0.001,4.6
1316,2010-08-15,83.5,66.5,75.5,62.0,67.5,0.0,0.0,9.05
1318,2010-08-16,80.0,63.5,72.0,54.0,62.0,0.0,0.0,9.600000000000001
1320,2010-08-17,79.0,64.5,72.0,57.0,63.0,0.0,0.03,6.05
1322,2010-08-18,83.5,63.5,74.0,60.5,65.5,0.0,0.045,3.45
1324,2010-08-19,87.5,67.5,77.5,64.0,69.0,0.0,0.0,5.25
1326,2010-08-20,92.5,73.0,83.0,67.0,71.5,0.0,0.0155,10.85
1328,2010-08-21,86.0,71.0,79.0,68.5,71.5,0.0,0.52,5.6
1330,2010-08-22,80.5,68.0,74.5,64.0,67.5,0.0,0.0,9.4
1332,2010-08-23,79.0,66.0,73.0,63.0,67.0,0.0,0.0,7.699999999999999
1334,2010-08-24,82.5,66.0,74.5,61.5,66.0,0.0,0.001,5.55
1336,2010-08-25,79.0,62.0,70.5,50.5,59.0,0.0,0.0,10.100000000000001
1338,2010-08-26,78.5,60.5,69.5,52.0,59.0,0.0,0.0,5.65
1340,2010-08-27,84.5,60.0,72.5,54.5,62.0,0.0,0.0,7.8
1342,2010-08-28,87.5,65.0,76.5,52.0,62.0,0.0,0.0,9.3
1344,2010-08-29,93.5,71.5,83.0,64.5,70.0,0.0,0.0,9.55
1346,2010-08-30,88.0,73.5,81.0,66.0,71.0,0.0,0.0,12.5
1348,2010-08-31,92.5,75.0,84.0,67.5,72.5,0.0,0.0,13.6
1350,2010-09-01,80.5,71.0,76.0,67.0,70.0,0.0,0.15500000000000003,7.1
1352,2010-09-02,83.0,65.5,74.5,67.5,70.0,0.0,1.235,7.4
1354,2010-09-03,71.0,56.5,64.0,51.5,57.0,0.0,0.0005,15.9
1356,2010-09-04,68.0,51.5,60.0,43.5,51.0,0.0,0.001,11.9
1358,2010-09-05,76.5,50.5,64.0,49.0,56.0,0.0,0.001,8.5
1360,2010-09-06,83.0,67.0,75.0,51.0,60.5,0.0,0.0005,14.600000000000001
1362,2010-09-07,78.0,59.0,69.0,48.0,58.0,0.0,0.0005,18.0
1364,2010-09-08,71.0,52.0,61.5,47.5,54.0,0.0,0.0,7.15
1366,2010-09-09,67.5,51.5,60.0,49.0,54.5,0.0,0.0,6.7
1368,2010-09-10,72.0,57.0,65.0,50.5,57.5,0.0,0.0,10.2
1370,2010-09-11,75.0,58.5,67.0,54.5,59.0,0.0,0.2,9.15
1372,2010-09-12,83.0,53.5,68.5,50.5,59.0,0.0,0.0,8.05
1374,2010-09-13,82.0,59.0,71.0,51.5,59.5,0.0,0.0,5.35
1376,2010-09-14,77.0,56.0,67.0,48.5,57.0,0.0,0.0,5.25
1378,2010-09-15,75.0,60.0,67.5,53.0,59.5,0.0,0.0205,8.8
1380,2010-09-16,69.5,55.0,62.5,55.5,59.0,0.0,0.095,12.15
1382,2010-09-17,74.0,50.0,62.5,49.5,56.0,0.0,0.0,4.65
1384,2010-09-18,65.5,59.0,62.5,55.0,58.0,0.0,0.285,6.9
1386,2010-09-19,67.5,55.5,61.5,48.5,55.0,0.0,0.0055,8.15
1388,2010-09-20,76.0,62.5,69.5,60.0,63.5,0.0,0.001,6.8
1390,2010-09-21,88.5,67.5,78.0,63.0,67.5,0.0,0.04,10.95
1392,2010-09-22,74.5,63.5,69.5,61.0,63.0,0.0,0.0,5.6
1394,2010-09-23,89.5,65.5,77.5,61.5,68.0,0.0,0.0,16.0
1396,2010-09-24,79.5,56.5,68.0,53.5,59.0,0.0,0.23,16.950000000000003
1398,2010-09-25,60.0,52.0,56.0,43.0,49.0,0.0,0.0005,9.2
1400,2010-09-26,60.0,51.0,55.5,44.5,49.5,0.0,0.025500000000000002,10.95
1402,2010-09-27,64.0,48.5,56.5,45.5,50.0,0.0,0.005,3.8000000000000003
1404,2010-09-28,70.5,46.0,58.5,44.5,51.5,0.0,0.0,3.7
1406,2010-09-29,75.5,51.0,63.5,46.5,54.5,0.0,0.0,5.6
1408,2010-09-30,74.5,52.5,63.5,49.0,55.0,0.0,0.0,9.7
1410,2010-10-01,73.5,48.5,61.5,43.5,52.0,0.0,0.05,5.9
1412,2010-10-02,56.0,45.5,51.0,41.5,46.5,0.0,0.255,16.6
1414,2010-10-03,56.5,42.5,49.5,38.5,44.0,0.0,0.045,11.15
1416,2010-10-04,59.5,39.5,49.5,39.0,45.0,0.0,0.0,4.0
1418,2010-10-05,67.0,39.5,53.5,37.5,46.0,0.0,0.0,3.1
1420,2010-10-06,78.0,45.5,62.0,43.5,52.5,0.0,0.0,7.6
1422,2010-10-07,76.0,49.0,63.0,39.5,50.5,0.0,0.0,5.35
1424,2010-10-08,79.0,48.5,64.0,38.5,51.5,0.0,0.0,7.199999999999999
1426,2010-10-09,86.5,55.5,71.5,50.5,59.0,0.0,0.0,3.9000000000000004
1428,2010-10-10,84.0,58.0,71.5,50.0,59.0,0.0,0.0,4.0
1430,2010-10-11,81.5,55.5,68.5,52.5,58.5,0.0,0.0,4.15
1432,2010-10-12,76.0,53.0,64.5,54.0,58.5,0.0,0.0,4.45
1434,2010-10-13,64.5,47.5,56.5,47.0,52.5,0.0,0.18,8.45
1436,2010-10-14,66.0,43.0,55.0,32.0,45.0,0.0,0.0,8.6
1438,2010-10-15,62.5,45.5,54.5,41.0,47.0,0.0,0.0,8.649999999999999
1440,2010-10-16,71.0,42.0,57.0,39.0,48.0,0.0,0.0,8.1
1442,2010-10-17,64.5,47.5,56.0,37.0,46.5,0.0,0.0,5.35
1444,2010-10-18,60.5,44.0,52.5,40.5,47.0,0.0,0.0,5.9
1446,2010-10-19,60.5,39.5,50.5,35.0,43.5,0.0,0.0,6.800000000000001
1448,2010-10-20,70.0,45.0,57.5,35.0,46.0,0.0,0.001,12.149999999999999
1450,2010-10-21,56.0,39.5,48.0,29.5,40.0,0.0,0.0,9.4
1452,2010-10-22,64.5,35.0,50.0,30.0,42.0,0.0,0.015,5.8
1454,2010-10-23,66.0,54.0,60.5,45.0,52.5,0.0,0.155,10.850000000000001
1456,2010-10-24,72.5,55.5,64.0,52.0,57.0,0.0,0.53,9.05
1458,2010-10-25,72.0,56.5,64.5,56.0,60.0,0.0,0.005,11.55
1460,2010-10-26,70.5,54.0,62.5,47.0,53.5,0.0,0.32,23.85
1462,2010-10-27,65.0,43.0,54.0,31.5,44.5,0.0,0.0,22.65
1464,2010-10-28,46.0,39.0,43.0,30.5,38.0,0.0,0.0005,14.649999999999999
1466,2010-10-29,50.0,32.0,41.5,26.5,36.0,0.0,0.0,7.95
1468,2010-10-30,63.0,41.5,52.5,32.0,42.0,0.0,0.0,13.3
1470,2010-10-31,52.0,37.5,45.0,30.5,39.0,0.0,0.0,8.4
1472,2011-05-01,63.5,49.5,56.5,37.0,47.5,0.0,0.0,11.75
1474,2011-05-02,59.5,42.5,51.5,31.0,42.0,0.0,0.0,9.9
1476,2011-05-03,50.5,37.5,44.5,30.5,38.0,0.0,0.001,8.149999999999999
1478,2011-05-04,58.0,37.0,47.5,29.0,40.0,0.0,0.0,7.449999999999999
1480,2011-05-05,62.5,38.0,50.5,39.5,46.0,0.0,0.08,11.2
1482,2011-05-06,68.5,44.5,56.5,39.0,48.5,0.0,0.0005,8.55
1484,2011-05-07,60.0,44.5,52.5,45.0,49.0,0.0,0.001,7.4
1486,2011-05-08,68.0,41.5,55.0,43.5,49.5,0.0,0.0,7.5
1488,2011-05-09,73.5,49.0,61.5,45.5,54.0,0.0,0.001,15.149999999999999
1490,2011-05-10,90.5,63.0,77.0,60.5,66.0,0.0,0.0,8.6
1492,2011-05-11,87.5,65.0,76.5,65.5,68.5,0.0,0.20500000000000002,6.5
1494,2011-05-12,86.5,60.5,73.5,62.0,66.0,0.0,0.155,7.75
1496,2011-05-13,77.0,47.0,62.0,54.0,56.5,0.0,0.015,11.25
1498,2011-05-14,52.0,45.5,49.0,46.5,47.5,0.0,0.37,17.049999999999997
1500,2011-05-15,47.0,41.5,44.5,37.0,41.5,0.0,0.33999999999999997,20.15
1502,2011-05-16,52.5,38.5,46.0,30.5,40.0,0.0,0.0,14.0
1504,2011-05-17,60.0,40.0,50.0,34.0,43.5,0.0,0.0,13.149999999999999
1506,2011-05-18,59.0,49.5,54.5,48.5,50.0,0.0,0.05,7.05
1508,2011-05-19,72.5,49.5,61.5,53.0,55.5,0.0,0.0,5.4
1510,2011-05-20,72.5,50.0,61.5,53.5,56.5,0.0,0.0,6.1
1512,2011-05-21,75.5,50.5,63.5,59.0,62.0,0.0,0.0055,8.55
1514,2011-05-22,87.5,63.0,75.5,59.5,64.5,0.001,0.35,11.5
1516,2011-05-23,79.5,62.5,71.5,59.0,64.0,0.0,0.001,11.9
1518,2011-05-24,67.5,47.5,58.0,47.0,52.0,0.0,0.06,11.95
1520,2011-05-25,71.0,48.0,59.5,52.5,54.0,0.0,2.0700000000000003,10.899999999999999
1522,2011-05-26,49.5,43.0,46.5,40.0,43.0,0.0,0.835,18.35
1524,2011-05-27,58.0,41.0,49.5,41.0,46.0,0.0,0.0055,8.35
1526,2011-05-28,63.0,51.5,57.5,55.0,56.0,0.0,0.175,6.25
1528,2011-05-29,71.0,54.5,63.0,59.5,60.5,0.0,1.4,6.15
1530,2011-05-30,89.0,60.5,75.0,65.0,69.5,0.0,0.0,12.2
1532,2011-05-31,86.5,69.0,78.0,64.5,69.0,0.0,0.0405,13.2
1534,2011-06-01,81.5,61.0,71.5,49.0,59.0,0.0,0.0,11.0
1536,2011-06-02,69.0,56.5,63.0,44.5,53.0,0.0,0.0105,9.5
1538,2011-06-03,87.5,56.0,72.0,61.5,67.0,0.0,0.095,11.05
1540,2011-06-04,91.5,65.5,78.5,64.0,68.5,0.0,0.33999999999999997,8.3
1542,2011-06-05,84.5,61.5,73.5,55.0,62.0,0.0,0.0055,5.2
1544,2011-06-06,93.5,61.0,77.5,63.5,69.0,0.0,0.0,9.149999999999999
1546,2011-06-07,96.0,76.0,86.5,64.5,72.0,0.0,0.0,10.35
1548,2011-06-08,95.5,66.5,81.5,63.5,71.0,0.0,0.43,12.75
1550,2011-06-09,69.0,51.0,60.5,53.0,55.5,0.001,1.55,12.25
1552,2011-06-10,70.0,51.0,60.5,56.0,57.5,0.0,0.48,7.75
1554,2011-06-11,63.5,52.5,58.0,54.0,55.5,0.0,0.065,5.75
1556,2011-06-12,64.0,50.5,57.5,45.0,52.0,0.0,0.0,9.4
1558,2011-06-13,71.5,55.0,63.5,43.0,53.0,0.0,0.0,8.25
1560,2011-06-14,77.0,55.5,66.5,49.0,56.5,0.0,0.0,8.45
1562,2011-06-15,71.5,57.0,64.5,59.0,61.5,0.0,0.8200000000000001,11.2
1564,2011-06-16,81.0,61.5,71.5,59.0,63.0,0.0,0.035,8.3
1566,2011-06-17,82.0,62.0,72.0,60.0,64.5,0.0,0.0,6.4
1568,2011-06-18,83.5,62.0,73.0,62.0,65.5,0.0,0.0,6.4
1570,2011-06-19,82.0,64.0,73.0,65.0,68.5,0.0,0.0,5.050000000000001
1572,2011-06-20,79.5,67.0,73.5,67.0,69.0,0.0,0.705,8.8
1574,2011-06-21,89.0,67.5,78.5,70.0,72.5,0.0,0.265,11.95
1576,2011-06-22,74.0,65.0,70.0,62.5,65.0,0.0,0.02,13.4
1578,2011-06-23,71.5,62.5,67.5,59.5,62.5,0.0,0.030000000000000002,13.1
1580,2011-06-24,68.0,60.0,64.0,55.5,59.0,0.0,0.0,9.149999999999999
1582,2011-06-25,78.5,59.5,69.5,52.5,60.0,0.0,0.0005,5.199999999999999
1584,2011-06-26,80.5,60.5,70.5,53.0,60.5,0.0,0.0,6.95
1586,2011-06-27,80.5,66.0,73.5,63.5,67.0,0.0,0.085,10.0
1588,2011-06-28,81.0,64.0,72.5,53.5,61.0,0.0,0.0,9.1
1590,2011-06-29,80.5,61.0,71.0,55.5,62.0,0.0,0.0,5.65
1592,2011-06-30,88.5,63.0,76.0,61.5,67.0,0.0,0.0155,10.0
1594,2011-07-01,89.0,71.0,80.5,62.5,68.0,0.0,0.005,12.850000000000001
1596,2011-07-02,93.5,72.0,83.0,70.5,74.0,0.0,0.0,7.9
1598,2011-07-03,85.0,69.5,77.5,57.5,65.0,0.0,0.0,6.0
1600,2011-07-04,88.5,66.5,77.5,54.0,63.5,0.0,0.0,4.4
1602,2011-07-05,91.5,67.5,80.0,59.5,68.0,0.0,0.0,5.9
1604,2011-07-06,86.5,70.5,78.5,60.5,67.0,0.0,0.0005,7.4
1606,2011-07-07,81.5,64.5,73.5,54.0,62.5,0.0,0.035500000000000004,6.65
1608,2011-07-08,86.0,63.0,75.0,51.5,62.5,0.0,0.0,6.25
1610,2011-07-09,90.5,64.0,77.5,59.0,67.0,0.0,0.0,6.2
1612,2011-07-10,91.0,74.5,83.0,67.5,72.0,0.0,0.001,8.899999999999999
1614,2011-07-11,89.0,70.5,80.0,70.5,74.0,0.0,0.26,8.25
1616,2011-07-12,87.5,70.5,79.5,63.5,69.0,0.0,0.01,7.35
1618,2011-07-13,74.0,64.5,69.5,57.0,62.5,0.0,0.0,11.55
1620,2011-07-14,82.0,62.0,72.5,56.0,63.0,0.0,0.0,8.35
1622,2011-07-15,86.5,70.5,79.0,60.0,66.5,0.0,0.0005,6.75
1624,2011-07-16,89.5,72.5,81.0,60.5,68.0,0.0,0.0005,3.5
1626,2011-07-17,95.0,71.5,83.5,69.0,74.0,0.0,0.0,6.800000000000001
1628,2011-07-18,92.5,80.5,86.5,74.5,77.5,0.0,0.0055,11.25
1630,2011-07-19,92.5,78.5,86.0,72.5,76.5,0.0,0.0,6.4
1632,2011-07-20,99.5,75.0,87.5,73.0,77.0,0.0,0.01,10.3
1634,2011-07-21,100.0,78.5,89.5,71.0,76.5,0.0,0.01,9.4
1636,2011-07-22,94.0,70.5,82.5,70.0,73.5,0.0,0.845,8.6
1638,2011-07-23,87.0,70.0,79.0,70.0,73.0,0.0,3.45,5.1
1640,2011-07-24,87.0,72.0,80.0,69.5,72.5,0.0,0.09999999999999999,6.050000000000001
1642,2011-07-25,89.0,73.0,81.5,66.5,71.0,0.0,0.005,6.3
1644,2011-07-26,84.0,71.5,78.0,62.5,68.0,0.0,0.005,8.25
1646,2011-07-27,91.0,70.0,80.5,66.0,70.5,0.0,0.3555,9.7
1648,2011-07-28,87.5,73.5,80.5,71.0,74.0,0.0,0.3505,6.8
1650,2011-07-29,86.0,72.5,79.5,68.0,71.5,0.0,0.53,5.75
1652,2011-07-30,91.0,67.5,79.5,64.5,70.5,0.0,0.0,3.4
1654,2011-07-31,90.5,70.5,80.5,69.0,73.0,0.0,0.0,5.0
1656,2011-08-01,91.0,75.0,83.5,71.5,75.0,0.0,0.0,5.4
1658,2011-08-02,93.0,74.0,84.0,73.0,76.5,0.0,0.355,8.8
1660,2011-08-03,86.5,72.5,79.5,66.5,71.0,0.0,0.0,9.15
1662,2011-08-04,83.0,69.0,76.5,66.5,69.5,0.0,0.0,6.35
1664,2011-08-05,83.5,69.5,76.5,68.0,71.0,0.0,0.001,5.75
1666,2011-08-06,85.0,72.5,79.0,70.0,72.0,0.0,0.43499999999999994,3.85
1668,2011-08-07,86.5,69.0,78.0,69.0,71.5,0.0,0.62,6.0
1670,2011-08-08,80.0,68.5,74.5,67.0,69.5,0.0,0.45999999999999996,6.0
1672,2011-08-09,81.0,65.0,73.0,61.0,66.0,0.0,0.005,11.35
1674,2011-08-10,77.5,61.5,69.5,54.0,61.0,0.0,0.0,8.35
1676,2011-08-11,81.0,58.5,70.0,54.0,61.0,0.0,0.0,3.6
1678,2011-08-12,81.5,62.5,72.5,58.0,64.0,0.0,0.0,8.45
1680,2011-08-13,83.5,64.0,74.0,63.5,66.0,0.0,0.8400000000000001,7.25
1682,2011-08-14,75.0,62.0,69.0,60.0,63.0,0.0,0.0055,12.149999999999999
1684,2011-08-15,81.0,58.0,70.0,55.0,62.0,0.0,0.0,5.050000000000001
1686,2011-08-16,84.0,62.0,73.0,57.0,63.5,0.0,0.0,3.45
1688,2011-08-17,83.0,63.5,73.5,62.0,67.0,0.0,0.0,6.1
1690,2011-08-18,84.5,69.0,77.0,61.0,66.5,0.0,0.0,5.2
1692,2011-08-19,86.5,65.5,76.5,62.5,68.0,0.0,0.0,5.5
1694,2011-08-20,79.5,67.0,73.5,67.0,69.0,0.0,0.75,4.15
1696,2011-08-21,80.5,65.0,73.0,58.0,63.5,0.0,0.0055,8.05
1698,2011-08-22,82.0,60.0,71.5,59.0,64.0,0.0,0.0,3.8
1700,2011-08-23,73.5,64.0,69.0,62.5,65.0,0.0,0.525,9.65
1702,2011-08-24,91.5,69.5,81.0,65.0,70.0,0.0,0.0,10.85
1704,2011-08-25,81.5,64.5,73.5,59.0,64.0,0.0,0.0,7.15
1706,2011-08-26,83.0,60.0,71.5,58.0,63.5,0.0,0.0,3.3499999999999996
1708,2011-08-27,82.0,65.5,74.0,61.5,66.0,0.0,0.0,9.25
1710,2011-08-28,77.0,61.0,69.0,56.0,61.0,0.0,0.0,8.55
1712,2011-08-29,78.5,60.0,69.5,56.5,62.0,0.0,0.0,3.85
1714,2011-08-30,77.5,62.5,70.5,55.0,61.5,0.0,0.03,6.55
1716,2011-08-31,87.5,65.0,76.5,64.0,68.5,0.0,0.025500000000000002,7.8500000000000005
1718,2011-09-01,93.5,72.5,83.0,70.5,75.0,0.0,0.0,6.1
1720,2011-09-02,93.0,77.5,85.5,69.0,74.0,0.0,0.0005,7.0
1722,2011-09-03,88.0,70.0,79.0,67.5,71.0,0.0,0.08499999999999999,5.95
1724,2011-09-04,73.5,59.0,66.5,54.5,60.5,0.0,0.0005,11.5
1726,2011-09-05,66.0,52.5,59.5,45.5,52.5,0.0,0.0005,15.700000000000001
1728,2011-09-06,66.0,54.0,60.5,46.5,53.0,0.0,0.0,12.2
1730,2011-09-07,70.0,55.0,62.5,47.0,54.5,0.0,0.0,12.05
1732,2011-09-08,74.5,59.5,67.0,53.5,59.0,0.0,0.0305,14.3
1734,2011-09-09,72.0,62.0,67.0,60.5,62.5,0.0,0.065,8.350000000000001
1736,2011-09-10,77.0,57.0,67.0,59.5,62.5,0.0,0.005,2.55
1738,2011-09-11,83.0,58.5,71.0,59.0,63.5,0.0,0.0,5.1
1740,2011-09-12,86.0,64.0,75.0,59.0,65.0,0.0,0.0,10.100000000000001
1742,2011-09-13,74.5,57.0,66.0,54.5,60.0,0.0,0.0,8.25
1744,2011-09-14,59.0,47.5,53.5,44.0,50.0,0.0,0.0405,7.3
1746,2011-09-15,59.5,43.0,51.5,35.5,44.5,0.0,0.0,8.75
1748,2011-09-16,58.5,47.0,53.0,39.0,47.0,0.0,0.0,3.5
1750,2011-09-17,68.5,51.0,60.0,44.5,52.0,0.0,0.0,9.25
1752,2011-09-18,65.5,55.5,60.5,54.5,57.0,0.0,0.385,8.75
1754,2011-09-19,68.5,55.0,62.0,58.0,60.0,0.0,0.32499999999999996,5.8
1756,2011-09-20,74.5,51.0,63.0,54.0,58.0,0.0,0.005,6.699999999999999
1758,2011-09-21,71.5,56.5,64.5,49.0,56.0,0.0,0.001,10.65
1760,2011-09-22,63.5,52.0,58.0,47.0,52.0,0.0,0.0,7.050000000000001
1762,2011-09-23,62.0,48.0,55.0,45.0,50.0,0.0,0.01,6.7
1764,2011-09-24,62.5,51.0,57.0,48.5,51.5,0.0,0.10500000000000001,4.949999999999999
1766,2011-09-25,64.5,52.0,58.5,53.0,55.0,0.0,0.155,5.65
1768,2011-09-26,61.5,53.0,57.5,50.5,53.0,0.0,1.055,13.9
1770,2011-09-27,63.0,54.0,59.0,53.0,55.0,0.0,0.28,7.7
1772,2011-09-28,63.5,53.0,58.5,54.0,55.0,0.0,0.46,6.85
1774,2011-09-29,66.0,50.0,58.5,50.5,53.5,0.0,0.075,13.1
1776,2011-09-30,57.5,46.0,52.0,41.5,47.0,0.0,0.13,15.65
1778,2011-10-01,56.0,43.0,49.5,40.0,45.0,0.0,0.001,10.75
1780,2011-10-02,65.5,41.0,53.5,38.5,46.0,0.0,0.0,5.0
1782,2011-10-03,69.5,44.5,57.5,44.5,50.0,0.0,0.0,4.55
1784,2011-10-04,75.0,44.5,60.0,47.0,52.5,0.0,0.0,2.0
1786,2011-10-05,80.0,50.5,65.5,47.5,55.0,0.0,0.0,3.05
1788,2011-10-06,81.0,53.0,67.5,50.5,58.0,0.0,0.0,4.6
1790,2011-10-07,84.0,56.5,70.5,52.0,59.0,0.0,0.0,7.25
1792,2011-10-08,82.0,57.5,70.0,53.5,60.0,0.0,0.0,7.25
1794,2011-10-09,80.0,54.0,67.0,51.0,58.0,0.0,0.0,3.8
1796,2011-10-10,76.5,56.0,66.5,50.0,57.5,0.0,0.0,6.2
1798,2011-10-11,78.5,57.5,68.0,53.0,59.5,0.0,0.0,4.75
1800,2011-10-12,77.5,56.0,67.0,51.5,58.0,0.0,0.0,7.449999999999999
1802,2011-10-13,65.0,52.0,58.5,55.0,57.5,0.0,0.385,6.5
1804,2011-10-14,61.5,48.5,55.0,41.0,48.0,0.0,0.0,15.45
1806,2011-10-15,61.5,47.0,54.5,36.0,46.0,0.0,0.0,15.2
1808,2011-10-16,61.0,47.0,54.0,39.0,46.0,0.0,0.14500000000000002,8.3
1810,2011-10-17,58.0,40.5,49.5,33.0,42.0,0.0,0.0,10.850000000000001
1812,2011-10-18,54.0,40.5,47.5,37.5,43.0,0.0,0.04,7.85
1814,2011-10-19,49.0,44.0,47.0,40.5,44.0,0.0,0.845,18.95
1816,2011-10-20,46.5,42.5,44.5,37.5,42.0,0.0,0.07500000000000001,15.5
1818,2011-10-21,54.5,37.5,46.5,34.0,41.0,0.0,0.0,5.550000000000001
1820,2011-10-22,66.0,36.0,51.0,37.0,44.5,0.0,0.0,3.8
1822,2011-10-23,67.5,39.5,53.5,41.5,48.5,0.0,0.21000000000000002,6.9
1824,2011-10-24,63.0,45.0,54.0,39.0,46.5,0.0,0.03,7.199999999999999
1826,2011-10-25,74.0,47.0,61.0,45.5,53.0,0.0,0.075,11.350000000000001
1828,2011-10-26,53.5,47.0,50.5,42.0,46.0,0.0,0.0,13.399999999999999
1830,2011-10-27,52.0,38.5,45.5,37.5,42.0,0.0,0.14,6.35
1832,2011-10-28,54.5,35.5,45.0,32.5,40.0,0.0,0.015,5.65
1834,2011-10-29,54.5,35.0,45.0,29.5,38.0,0.0,0.0,5.0
1836,2011-10-30,57.0,35.0,46.0,35.0,41.5,0.0,0.14,11.149999999999999
1838,2011-10-31,53.0,37.5,45.5,35.5,40.5,0.0,0.0,4.949999999999999
1840,2012-05-01,64.5,50.5,57.5,52.5,55.5,0.0,0.20500000000000002,7.0
1842,2012-05-02,79.0,59.0,69.0,60.0,64.0,0.0,0.0005,9.85
1844,2012-05-03,86.0,67.5,77.0,64.5,69.0,0.001,0.7050000000000001,12.65
1846,2012-05-04,72.5,53.0,63.0,55.0,58.0,0.0,0.28,9.6
1848,2012-05-05,61.5,52.5,57.0,53.0,55.0,0.0,0.0005,8.0
1850,2012-05-06,71.5,52.5,62.5,53.5,56.5,0.0,0.6000000000000001,7.85
1852,2012-05-07,62.5,53.0,58.0,55.5,57.0,0.0,0.53,5.25
1854,2012-05-08,70.0,51.5,61.0,45.0,53.0,0.0,0.005,8.9
1856,2012-05-09,60.0,46.5,53.5,43.0,48.5,0.0,0.0305,7.699999999999999
1858,2012-05-10,66.0,45.5,56.0,33.5,46.0,0.0,0.0,6.7
1860,2012-05-11,78.0,45.5,62.0,39.0,52.0,0.0,0.0,9.65
1862,2012-05-12,68.0,52.0,60.0,43.5,51.0,0.0,0.14,9.05
1864,2012-05-13,70.5,51.5,61.0,32.0,48.0,0.0,0.0,8.45
1866,2012-05-14,80.0,44.5,62.5,36.0,51.0,0.0,0.0,4.85
1868,2012-05-15,85.0,56.5,71.0,44.5,56.5,0.0,0.025500000000000002,12.2
1870,2012-05-16,64.0,51.0,58.0,33.0,46.0,0.0,0.0,11.55
1872,2012-05-17,72.5,47.0,60.0,39.5,50.5,0.0,0.0,5.949999999999999
1874,2012-05-18,85.0,55.0,70.0,39.5,54.0,0.0,0.0,8.8
1876,2012-05-19,91.5,61.5,77.0,52.5,62.0,0.0,0.0,8.85
1878,2012-05-20,92.5,65.0,79.0,57.0,65.0,0.0,0.14,11.25
1880,2012-05-21,66.0,54.0,60.5,44.0,52.0,0.0,0.0,13.1
1882,2012-05-22,69.5,49.5,60.0,41.5,51.0,0.0,0.0,7.550000000000001
1884,2012-05-23,82.0,48.0,65.5,41.5,54.0,0.0,0.0,6.75
1886,2012-05-24,90.0,65.5,78.0,52.5,63.0,0.0,0.0,16.45
1888,2012-05-25,81.5,66.0,74.0,49.0,59.0,0.0,0.0,10.4
1890,2012-05-26,84.0,61.5,73.0,54.0,61.5,0.0,0.0005,11.25
1892,2012-05-27,97.0,71.5,84.5,58.5,68.0,0.0,0.0,10.399999999999999
1894,2012-05-28,94.5,75.5,85.0,60.0,68.5,0.0,0.0105,14.45
1896,2012-05-29,85.0,62.5,74.0,45.5,59.0,0.0,0.0005,11.85
1898,2012-05-30,69.5,53.0,61.5,46.0,53.0,0.0,0.0,10.0
1900,2012-05-31,54.5,48.0,51.5,45.0,48.0,0.0,1.045,12.0
1902,2012-06-01,64.5,49.0,57.0,43.5,49.0,0.0,0.02,10.350000000000001
1904,2012-06-02,75.0,49.0,62.5,46.5,55.0,0.0,0.0,11.5
1906,2012-06-03,80.5,56.5,68.5,48.0,58.0,0.0,0.001,9.6
1908,2012-06-04,74.5,59.0,67.0,47.0,56.0,0.0,0.0005,8.649999999999999
1910,2012-06-05,69.5,57.0,63.5,49.0,56.0,0.0,0.0,9.649999999999999
1912,2012-06-06,75.0,54.0,64.5,46.5,55.5,0.0,0.0,6.25
1914,2012-06-07,80.0,54.0,67.0,44.5,56.0,0.0,0.0,5.25
1916,2012-06-08,87.5,56.5,72.0,48.5,60.0,0.0,0.0,7.45
1918,2012-06-09,89.5,65.5,78.0,50.0,62.0,0.0,0.0,10.25
1920,2012-06-10,92.5,69.0,81.0,55.5,65.5,0.0,0.0,11.55
1922,2012-06-11,90.0,71.0,80.5,62.5,68.5,0.0,0.0005,11.1
1924,2012-06-12,77.5,60.5,69.5,46.5,57.0,0.0,0.0,10.7
1926,2012-06-13,71.5,55.5,63.5,45.0,55.0,0.0,0.0,7.95
1928,2012-06-14,86.5,58.0,72.5,48.0,59.0,0.0,0.0,8.7
1930,2012-06-15,93.5,63.0,78.5,48.5,61.5,0.0,0.0,9.149999999999999
1932,2012-06-16,94.0,69.0,82.0,60.0,68.0,0.0,0.345,12.0
1934,2012-06-17,86.0,68.5,77.5,59.0,66.0,0.0,0.13,7.449999999999999
1936,2012-06-18,93.0,70.5,82.0,65.0,71.0,0.0,0.0,17.25
1938,2012-06-19,94.5,76.5,86.0,65.0,71.5,0.0,0.0,14.7
1940,2012-06-20,94.0,76.5,85.5,62.0,70.5,0.0,0.0,15.2
1942,2012-06-21,84.0,70.0,77.5,59.5,66.5,0.0,0.02,9.600000000000001
1944,2012-06-22,85.0,63.5,74.5,52.0,62.0,0.0,0.0,6.0
1946,2012-06-23,86.5,62.5,75.0,55.0,63.5,0.0,0.0,5.25
1948,2012-06-24,93.0,67.5,80.5,57.5,65.5,0.0,0.0,7.6
1950,2012-06-25,75.0,61.5,68.5,48.5,58.0,0.0,0.0,14.85
1952,2012-06-26,82.0,59.5,71.0,50.5,59.5,0.0,0.0,5.800000000000001
1954,2012-06-27,91.0,60.5,76.0,51.0,63.0,0.0,0.0,12.0
1956,2012-06-28,100.5,76.5,88.5,68.5,74.0,0.0,0.1,9.8
1958,2012-06-29,88.0,69.5,79.0,61.5,68.0,0.0,0.35,7.6000000000000005
1960,2012-06-30,90.5,69.5,80.5,67.5,72.0,0.0,0.0005,7.0
1962,2012-07-01,90.5,67.0,79.0,67.5,71.5,0.0,0.2805,5.5
1964,2012-07-02,97.5,72.5,85.5,69.0,74.0,0.0,0.0,5.75
1966,2012-07-03,95.5,77.0,86.5,67.0,73.5,0.0,0.0,10.0
1968,2012-07-04,101.5,79.5,91.0,68.0,75.0,0.0,0.0,9.25
1970,2012-07-05,102.5,79.0,91.0,68.5,75.0,0.0,0.1405,7.25
1972,2012-07-06,103.5,82.5,93.5,71.0,77.0,0.0,0.0,7.1
1974,2012-07-07,98.0,73.5,86.0,67.5,72.5,0.0,0.0,11.350000000000001
1976,2012-07-08,85.0,71.0,78.5,56.0,65.0,0.0,0.0,12.3
1978,2012-07-09,89.5,67.0,78.5,58.0,65.5,0.0,0.0,6.85
1980,2012-07-10,82.5,69.0,76.0,55.5,64.0,0.0,0.0,10.6
1982,2012-07-11,86.5,66.5,77.0,57.0,65.0,0.0,0.0,8.45
1984,2012-07-12,90.5,68.5,80.0,53.5,64.5,0.0,0.0,8.7
1986,2012-07-13,93.0,71.5,82.5,63.0,69.0,0.0,0.1405,6.4
1988,2012-07-14,89.5,70.5,80.0,65.5,70.0,0.0,0.001,5.65
1990,2012-07-15,95.0,70.5,83.0,66.0,71.5,0.0,0.0,7.1
1992,2012-07-16,97.5,74.5,86.5,65.5,72.5,0.0,0.0,8.399999999999999
1994,2012-07-17,99.0,79.5,89.5,66.5,74.0,0.0,0.0,9.600000000000001
1996,2012-07-18,92.5,71.5,82.0,71.0,74.0,0.0,0.7,8.75
1998,2012-07-19,84.0,70.5,77.5,70.0,72.0,0.0,0.845,10.25
2000,2012-07-20,81.5,68.5,75.5,60.0,65.5,0.0,0.0005,10.6
2002,2012-07-21,88.0,67.0,77.5,63.0,69.0,0.0,0.0,4.6
2004,2012-07-22,89.5,71.5,81.0,65.5,70.5,0.0,0.0055,6.45
2006,2012-07-23,97.5,81.0,89.5,67.5,74.0,0.0,0.0055,10.65
2008,2012-07-24,86.0,70.0,78.5,65.5,70.5,0.0,0.455,7.6
2010,2012-07-25,100.0,72.0,86.5,67.0,73.0,0.0,0.005,12.1
2012,2012-07-26,89.0,70.5,80.0,69.0,72.5,0.0,0.39,8.95
2014,2012-07-27,86.5,68.0,77.5,64.0,68.5,0.0,0.02,8.75
2016,2012-07-28,82.5,69.0,76.0,60.0,66.0,0.0,0.0,8.350000000000001
2018,2012-07-29,86.5,65.5,76.0,58.5,66.0,0.0,0.0005,5.8
2020,2012-07-30,92.5,71.5,82.5,61.5,69.0,0.0,0.0,7.2
2022,2012-07-31,85.5,69.5,78.0,65.0,69.5,0.0,0.165,7.5
2024,2012-08-01,89.5,69.5,79.5,63.5,69.0,0.0,0.0,4.2
2026,2012-08-02,93.0,68.5,81.0,62.0,69.0,0.0,0.0,6.65
2028,2012-08-03,94.5,72.5,83.5,66.0,72.0,0.0,0.0,6.1
2030,2012-08-04,94.0,71.5,83.0,68.5,72.0,0.0,0.6950000000000001,6.45
2032,2012-08-05,84.5,68.0,76.5,59.0,66.0,0.0,0.0,8.7
2034,2012-08-06,85.5,64.5,75.5,56.0,64.0,0.0,0.0,4.449999999999999
2036,2012-08-07,93.0,64.5,79.0,59.5,67.5,0.0,0.0,7.800000000000001
2038,2012-08-08,84.0,73.5,79.0,62.0,68.0,0.0,0.0055,8.6
2040,2012-08-09,76.0,64.5,70.5,62.5,65.5,0.0,0.025500000000000002,9.399999999999999
2042,2012-08-10,76.0,61.5,69.0,55.0,60.5,0.0,0.29000000000000004,14.3
2044,2012-08-11,78.5,57.0,68.0,52.5,59.0,0.0,0.0,8.25
2046,2012-08-12,76.5,58.0,67.5,53.5,60.5,0.0,0.0005,4.25
2048,2012-08-13,70.5,61.5,66.5,61.0,63.0,0.0,0.37,2.75
2050,2012-08-14,83.0,57.5,70.5,60.0,64.0,0.0,0.0055,4.55
2052,2012-08-15,85.5,66.0,76.0,59.5,66.0,0.0,0.001,6.3
2054,2012-08-16,76.0,63.0,69.5,61.0,65.0,0.0,0.35,10.1
2056,2012-08-17,76.5,58.5,67.5,51.5,58.5,0.0,0.0,6.9
2058,2012-08-18,77.5,55.0,66.5,49.0,57.5,0.0,0.0,4.75
2060,2012-08-19,79.0,60.5,70.0,49.5,58.5,0.0,0.0,3.9000000000000004
2062,2012-08-20,75.0,59.0,67.0,55.0,60.0,0.0,0.305,5.1
2064,2012-08-21,79.0,55.5,67.5,50.5,58.5,0.0,0.0,4.6
2066,2012-08-22,84.5,63.0,74.0,51.5,60.5,0.0,0.0,5.8
2068,2012-08-23,91.5,66.5,79.0,55.0,64.0,0.0,0.015,7.699999999999999
2070,2012-08-24,93.5,67.5,80.5,56.5,66.0,0.0,0.0,8.350000000000001
2072,2012-08-25,93.5,68.5,81.5,56.5,66.0,0.0,0.0,8.05
2074,2012-08-26,80.0,67.0,74.0,66.0,68.0,0.0,2.115,7.3
2076,2012-08-27,88.0,67.5,78.0,61.5,67.0,0.0,0.0,6.0
2078,2012-08-28,85.5,64.0,75.0,60.5,65.5,0.0,0.0,5.45
2080,2012-08-29,84.0,67.5,76.0,58.5,65.0,0.0,0.0,5.55
2082,2012-08-30,90.5,66.5,78.5,58.0,66.0,0.0,0.0,10.0
2084,2012-08-31,92.5,71.5,82.5,64.0,70.0,0.0,0.0,10.25
2086,2012-09-01,76.5,72.0,74.5,67.0,70.0,0.0,0.1255,11.15
2088,2012-09-02,81.5,74.0,78.0,69.0,71.5,0.0,0.0005,11.399999999999999
2090,2012-09-03,87.5,72.0,80.0,69.5,73.0,0.0,0.0,5.15
2092,2012-09-04,89.5,67.0,78.5,68.5,72.0,0.0,0.485,7.55
2094,2012-09-05,86.0,64.5,75.5,64.0,68.0,0.0,0.165,6.75
2096,2012-09-06,86.0,69.0,77.5,61.0,67.0,0.0,0.0,6.1
2098,2012-09-07,78.0,60.0,69.5,59.5,63.5,0.0,0.13,9.2
2100,2012-09-08,73.0,55.0,64.5,49.5,56.0,0.0,0.255,11.1
2102,2012-09-09,72.0,55.5,64.0,51.0,56.5,0.0,0.0,9.45
2104,2012-09-10,76.0,53.0,65.0,48.5,56.0,0.0,0.0,5.7
2106,2012-09-11,83.5,55.5,70.0,52.0,60.0,0.0,0.0,10.9
2108,2012-09-12,86.5,63.0,75.0,55.0,62.5,0.0,0.0,9.95
2110,2012-09-13,71.5,55.0,63.5,54.0,58.0,0.0,0.16,9.95
2112,2012-09-14,75.5,52.5,64.5,45.5,54.5,0.0,0.0005,6.75
2114,2012-09-15,79.0,52.5,66.0,45.0,55.0,0.0,0.0,3.75
2116,2012-09-16,77.5,52.5,65.0,46.5,55.5,0.0,0.0,5.25
2118,2012-09-17,78.5,57.0,68.0,55.5,59.5,0.0,0.21500000000000002,9.0
2120,2012-09-18,63.5,48.5,56.0,38.0,47.0,0.0,0.0005,11.899999999999999
2122,2012-09-19,73.5,44.0,59.0,39.5,50.0,0.0,0.0,15.15
2124,2012-09-20,72.0,53.5,63.0,38.5,50.5,0.0,0.0,8.95
2126,2012-09-21,60.5,50.0,55.5,45.5,50.5,0.0,0.14,6.6
2128,2012-09-22,59.5,45.5,53.0,40.0,46.0,0.0,0.015,11.0
2130,2012-09-23,61.5,41.5,52.0,35.0,43.5,0.0,0.0,6.4
2132,2012-09-24,70.5,39.5,55.5,33.5,46.0,0.0,0.0,11.35
2134,2012-09-25,77.0,51.5,64.5,51.5,57.0,0.0,0.0,8.5
2136,2012-09-26,68.5,55.0,62.0,50.0,55.0,0.0,0.0,9.95
2138,2012-09-27,66.5,47.5,57.5,46.0,51.5,0.0,0.0,8.4
2140,2012-09-28,67.0,51.0,59.5,48.0,52.5,0.0,0.0005,8.600000000000001
2142,2012-09-29,79.0,48.5,64.0,46.0,53.0,0.0,0.0,5.7
2144,2012-09-30,66.5,51.0,59.0,46.0,51.5,0.0,0.0,8.5
2146,2012-10-01,66.0,48.5,57.5,45.5,52.0,0.0,0.0,4.85
2148,2012-10-02,69.0,56.0,62.5,49.5,55.5,0.0,0.0,10.8
2150,2012-10-03,66.0,60.0,63.0,58.0,60.0,0.0,0.14500000000000002,5.9
2152,2012-10-04,79.0,49.5,64.5,51.5,56.0,0.0,0.11,12.45
2154,2012-10-05,50.5,40.5,46.0,31.0,40.0,0.0,0.0005,9.75
2156,2012-10-06,50.0,34.5,42.5,27.5,37.0,0.0,0.0,9.2
2158,2012-10-07,51.0,37.0,44.5,24.0,36.0,0.0,0.0,7.25
2160,2012-10-08,60.0,34.0,47.0,28.0,40.0,0.0,0.0,12.4
2162,2012-10-09,66.0,42.5,54.5,37.0,45.0,0.0,0.175,15.5
2164,2012-10-10,51.5,36.5,44.0,30.5,38.5,0.0,0.0,11.95
2166,2012-10-11,67.0,37.0,52.0,34.0,44.0,0.0,0.0105,13.85
2168,2012-10-12,53.0,39.0,46.0,31.0,40.0,0.0,0.001,10.149999999999999
2170,2012-10-13,67.5,45.5,57.0,51.0,54.0,0.0,0.345,11.899999999999999
2172,2012-10-14,71.5,48.5,60.5,54.5,57.0,0.0,0.655,15.45
2174,2012-10-15,60.0,43.5,52.0,40.5,46.0,0.0,0.0,8.75
2176,2012-10-16,70.0,42.0,56.0,44.0,51.0,0.0,0.0,13.5
2178,2012-10-17,68.5,54.5,61.5,51.5,55.5,0.0,0.47,16.35
2180,2012-10-18,54.5,45.0,50.0,40.5,45.0,0.0,0.1,14.8
2182,2012-10-19,52.5,43.5,48.5,42.5,45.0,0.0,0.08499999999999999,6.8
2184,2012-10-20,58.5,40.0,49.5,40.0,44.0,0.0,0.0,7.1
2186,2012-10-21,69.0,39.5,54.5,44.5,49.5,0.0,0.0,6.0
2188,2012-10-22,66.0,52.5,59.5,55.5,57.5,0.0,0.545,6.65
2190,2012-10-23,69.5,58.0,64.0,59.5,61.0,0.0,0.045,6.35
2192,2012-10-24,78.5,59.5,69.0,61.0,64.5,0.0,0.0,10.899999999999999
2194,2012-10-25,76.0,45.0,60.5,55.5,59.0,0.0,0.29000000000000004,16.950000000000003
2196,2012-10-26,51.0,37.5,44.5,30.0,39.0,0.0,0.0,9.899999999999999
2198,2012-10-27,48.0,35.0,41.5,27.5,36.5,0.0,0.0,10.8
2200,2012-10-28,49.5,39.0,44.5,30.5,38.5,0.0,0.0005,14.25
2202,2012-10-29,51.0,37.0,44.5,30.0,38.0,0.0,0.0,15.65
2204,2012-10-30,47.5,39.5,44.0,26.0,36.5,0.0,0.0,19.0
2206,2012-10-31,49.5,34.5,42.0,26.0,35.0,0.0,0.0,13.100000000000001
2208,2013-05-01,84.5,59.5,72.0,53.0,62.0,0.0,0.0,8.85
2210,2013-05-02,63.0,42.0,52.5,40.0,45.0,0.0,0.055,15.75
2212,2013-05-03,49.0,40.0,44.5,41.5,43.5,0.0,0.035,11.35
2214,2013-05-04,71.5,48.5,60.5,44.5,51.0,0.0,0.0105,7.3
2216,2013-05-05,69.5,48.5,59.5,42.0,50.0,0.0,0.0005,8.95
2218,2013-05-06,70.5,50.5,61.0,38.0,49.0,0.0,0.0005,7.75
2220,2013-05-07,75.5,48.5,62.5,40.0,51.5,0.0,0.0,6.05
2222,2013-05-08,78.0,47.0,63.0,42.5,53.5,0.0,0.0,4.75
2224,2013-05-09,75.5,48.0,62.0,49.5,55.0,0.0,0.475,5.65
2226,2013-05-10,48.5,44.0,46.5,42.0,44.5,0.0,0.085,10.4
2228,2013-05-11,61.0,43.5,52.5,36.5,45.0,0.0,0.0,11.899999999999999
2230,2013-05-12,55.0,37.5,46.5,28.5,39.0,0.0,0.0,10.399999999999999
2232,2013-05-13,62.5,37.0,50.0,31.5,43.0,0.0,0.0,6.1
2234,2013-05-14,90.5,53.5,72.5,48.0,58.5,0.0,0.0,11.6
2236,2013-05-15,83.5,61.0,72.5,48.0,58.5,0.0,0.0005,8.95
2238,2013-05-16,82.0,55.0,68.5,45.0,56.0,0.0,0.0,5.15
2240,2013-05-17,71.5,56.5,64.5,46.5,54.0,0.0,0.001,6.449999999999999
2242,2013-05-18,79.5,57.5,68.5,55.5,61.0,0.0,0.0,6.75
2244,2013-05-19,86.5,60.0,73.5,60.5,66.0,0.0,0.0,7.85
2246,2013-05-20,90.5,65.0,78.0,59.5,67.0,0.0,1.17,14.05
2248,2013-05-21,81.5,64.5,73.5,62.5,66.0,0.0,0.38,12.45
2250,2013-05-22,73.0,54.0,64.0,59.5,62.5,0.0,1.0,8.350000000000001
2252,2013-05-23,55.0,42.5,49.0,41.5,45.5,0.0,0.09,16.450000000000003
2254,2013-05-24,57.0,41.5,49.5,33.5,42.0,0.0,0.0,8.55
2256,2013-05-25,57.0,45.0,51.5,36.5,44.0,0.0,0.0,4.4
2258,2013-05-26,67.5,45.0,56.5,43.5,50.0,0.0,0.0105,6.550000000000001
2260,2013-05-27,63.5,54.5,59.5,53.5,56.0,0.0,0.21000000000000002,8.7
2262,2013-05-28,76.0,57.5,67.0,63.5,65.5,0.0,1.2000000000000002,10.25
2264,2013-05-29,84.5,64.5,74.5,63.0,67.0,0.0,0.015,8.95
2266,2013-05-30,83.5,64.5,74.5,65.0,68.5,0.0,0.3,14.25
2268,2013-05-31,77.5,64.5,71.5,64.5,67.0,0.0,0.265,12.399999999999999
2270,2013-06-01,76.0,63.0,70.0,61.5,64.0,0.0,0.5,12.45
2272,2013-06-02,63.0,45.0,54.0,49.0,51.0,0.0,0.01,6.95
2274,2013-06-03,68.0,43.0,56.0,41.5,49.5,0.0,0.0,4.4
2276,2013-06-04,72.0,50.0,61.0,44.5,52.0,0.0,0.0,6.5
2278,2013-06-05,74.5,55.0,65.0,47.5,54.5,0.0,0.0055,8.25
2280,2013-06-06,64.5,53.0,59.0,49.0,53.0,0.0,0.105,9.35
2282,2013-06-07,68.0,53.0,60.5,44.5,52.0,0.0,0.0005,9.55
2284,2013-06-08,74.0,49.5,62.0,42.5,53.0,0.0,0.0,5.5
2286,2013-06-09,81.5,56.5,69.5,54.0,61.0,0.0,0.01,8.65
2288,2013-06-10,75.5,60.5,68.0,62.0,64.5,0.0,0.5549999999999999,4.35
2290,2013-06-11,83.5,60.0,72.0,61.5,66.5,0.0,0.1205,4.3
2292,2013-06-12,86.5,63.5,75.5,64.0,67.0,0.0,0.5,6.9
2294,2013-06-13,72.5,58.5,66.0,53.5,59.0,0.0,0.0,12.7
2296,2013-06-14,77.0,56.5,67.0,50.5,57.0,0.0,0.0,7.85
2298,2013-06-15,80.5,59.5,70.0,61.0,64.5,0.0,0.14500000000000002,7.45
2300,2013-06-16,84.5,69.0,77.0,62.0,67.0,0.0,0.0,9.35
2302,2013-06-17,88.0,60.5,74.5,55.5,63.5,0.0,0.065,8.25
2304,2013-06-18,70.5,56.5,64.0,52.0,56.5,0.0,0.005,12.0
2306,2013-06-19,75.0,55.0,65.0,46.0,55.5,0.0,0.0,7.050000000000001
2308,2013-06-20,86.0,59.0,72.5,57.5,64.0,0.0,0.0,6.550000000000001
2310,2013-06-21,83.5,69.0,76.5,64.0,67.5,0.001,0.45,9.55
2312,2013-06-22,81.5,68.5,75.5,66.0,69.0,0.0,0.02,8.1
2314,2013-06-23,88.0,67.5,78.0,67.0,70.5,0.0,0.4205,10.5
2316,2013-06-24,87.5,67.5,77.5,66.0,69.0,0.0,0.16,10.5
2318,2013-06-25,86.0,68.5,77.5,68.0,71.0,0.0,0.0155,7.75
2320,2013-06-26,80.5,67.0,74.0,66.0,68.0,0.0,0.835,8.2
2322,2013-06-27,90.5,65.0,78.0,66.0,69.5,0.001,0.755,7.0
2324,2013-06-28,83.0,67.5,75.5,60.5,65.5,0.0,0.0805,10.350000000000001
2326,2013-06-29,72.0,64.0,68.0,59.0,62.0,0.0,0.0005,12.15
2328,2013-06-30,76.5,63.0,70.0,52.0,59.5,0.0,0.0,14.05
2330,2013-07-01,75.0,60.0,67.5,50.5,58.0,0.0,0.0,12.95
2332,2013-07-02,68.0,61.0,64.5,52.5,57.5,0.0,0.001,11.75
2334,2013-07-03,73.0,60.5,67.0,60.0,62.0,0.0,0.045000000000000005,4.75
2336,2013-07-04,83.0,58.5,71.0,60.0,64.5,0.0,0.0,6.4
2338,2013-07-05,86.5,61.5,74.0,60.5,66.0,0.0,0.0,5.35
2340,2013-07-06,82.5,68.0,75.5,64.0,68.0,0.0,0.0,5.2
2342,2013-07-07,88.5,70.0,79.5,66.5,71.0,0.0,0.0,7.5
2344,2013-07-08,86.5,70.5,78.5,70.5,73.0,0.0,0.6699999999999999,9.45
2346,2013-07-09,85.0,74.0,79.5,73.0,75.0,0.0,0.0055,8.3
2348,2013-07-10,86.0,66.0,76.5,65.0,69.5,0.0,0.0,8.15
2350,2013-07-11,80.5,63.5,72.5,53.0,61.5,0.0,0.0,7.45
2352,2013-07-12,82.5,59.0,71.0,53.5,61.5,0.0,0.0,5.1
2354,2013-07-13,83.5,64.5,74.0,58.5,65.0,0.0,0.0,7.3
2356,2013-07-14,88.0,72.5,80.5,66.0,70.5,0.0,0.0,8.05
2358,2013-07-15,90.0,73.0,81.5,71.0,74.0,0.0,0.055,5.65
2360,2013-07-16,92.5,75.0,84.0,71.0,75.0,0.0,0.005,7.05
2362,2013-07-17,94.5,76.5,85.5,71.0,75.5,0.0,0.0,7.0
2364,2013-07-18,95.5,78.0,87.0,71.5,76.0,0.0,0.0005,8.75
2366,2013-07-19,96.5,73.0,85.0,69.5,75.0,0.0,0.2905,13.95
2368,2013-07-20,88.5,71.5,80.0,63.5,69.0,0.0,0.034999999999999996,7.35
2370,2013-07-21,88.5,70.0,79.5,64.0,69.0,0.0,0.005,7.300000000000001
2372,2013-07-22,88.5,71.5,80.0,65.0,70.5,0.0,0.001,7.4
2374,2013-07-23,79.0,64.0,72.0,59.0,64.0,0.0,0.015,11.2
2376,2013-07-24,72.5,61.0,67.0,49.5,57.5,0.0,0.0,9.3
2378,2013-07-25,81.0,57.5,69.5,53.0,60.5,0.0,0.0,4.5
2380,2013-07-26,72.0,63.5,68.0,59.5,62.5,0.0,0.2,9.35
2382,2013-07-27,66.5,56.0,61.5,50.0,55.5,0.0,0.0,10.95
2384,2013-07-28,70.0,54.5,62.5,48.5,54.5,0.0,0.001,9.45
2386,2013-07-29,76.0,57.5,67.0,54.0,59.0,0.0,0.0,7.35
2388,2013-07-30,74.0,59.0,67.0,57.5,61.5,0.0,0.0205,5.35
2390,2013-07-31,75.0,63.0,69.5,63.5,65.0,0.0,0.33999999999999997,4.300000000000001
2392,2013-08-01,81.5,61.0,71.5,55.5,62.0,0.0,0.0,7.449999999999999
2394,2013-08-02,85.0,63.5,74.5,62.5,66.5,0.0,0.52,7.949999999999999
2396,2013-08-03,80.0,65.0,73.0,54.5,62.0,0.0,0.0,7.6
2398,2013-08-04,74.5,60.0,67.5,55.5,61.0,0.0,0.001,7.35
2400,2013-08-05,75.5,60.5,68.5,57.5,61.5,0.0,0.045000000000000005,7.75
2402,2013-08-06,84.0,67.5,76.0,66.5,69.5,0.0,0.02,8.7
2404,2013-08-07,90.0,68.5,79.5,67.5,71.0,0.0,0.0055,10.2
2406,2013-08-08,78.5,67.0,73.0,55.5,62.0,0.0,0.0,10.05
2408,2013-08-09,83.0,60.5,72.0,59.0,65.0,0.0,0.0005,5.449999999999999
2410,2013-08-10,81.0,66.0,74.0,56.0,63.0,0.0,0.0,6.95
2412,2013-08-11,82.5,61.5,72.5,59.0,64.5,0.0,0.0055,4.2
2414,2013-08-12,83.5,68.0,76.0,64.0,67.5,0.0,0.465,7.6
2416,2013-08-13,70.5,60.0,65.5,51.0,57.5,0.0,0.0,10.75
2418,2013-08-14,71.5,57.0,64.5,49.5,56.0,0.0,0.0,7.05
2420,2013-08-15,74.5,56.0,65.5,51.5,58.0,0.0,0.0,4.95
2422,2013-08-16,82.0,56.5,69.5,51.5,60.0,0.0,0.0,5.5
2424,2013-08-17,80.0,58.5,69.5,55.5,62.0,0.0,0.0,6.35
2426,2013-08-18,81.0,60.5,71.0,57.0,63.5,0.0,0.0,4.8
2428,2013-08-19,85.5,60.0,73.0,59.0,65.0,0.0,0.0,4.949999999999999
2430,2013-08-20,88.0,67.0,77.5,61.5,67.5,0.0,0.0,7.75
2432,2013-08-21,90.5,69.0,80.0,64.5,70.0,0.0,0.030000000000000002,9.15
2434,2013-08-22,78.0,67.5,73.0,66.5,68.5,0.0,0.295,7.0
2436,2013-08-23,81.5,63.0,72.5,55.0,63.0,0.0,0.0,7.4
2438,2013-08-24,86.0,62.0,74.0,57.5,64.5,0.0,0.0,6.0
2440,2013-08-25,89.0,66.5,78.0,61.0,67.5,0.0,0.0,9.85
2442,2013-08-26,92.0,70.0,81.0,67.0,71.5,0.0,0.0,9.45
2444,2013-08-27,96.0,77.0,87.0,69.0,74.5,0.0,0.0,12.35
2446,2013-08-28,83.0,71.0,77.0,68.0,71.5,0.0,0.0,9.0
2448,2013-08-29,88.0,67.5,78.0,64.5,69.0,0.0,0.0,4.65
2450,2013-08-30,96.0,68.0,82.5,67.5,71.5,0.0,0.415,8.05
2452,2013-08-31,77.5,70.5,74.5,66.5,68.5,0.0,0.515,7.1
2454,2013-09-01,84.5,66.5,75.5,66.5,69.5,0.0,0.08,5.5
2456,2013-09-02,78.0,61.0,70.0,60.5,64.0,0.0,0.0,8.95
2458,2013-09-03,76.5,57.5,67.0,54.0,59.5,0.0,0.0,5.199999999999999
2460,2013-09-04,84.0,59.0,72.0,56.0,62.5,0.0,0.0,6.9
2462,2013-09-05,74.0,62.0,68.5,53.5,60.0,0.0,0.0005,9.55
2464,2013-09-06,85.5,59.5,73.0,56.5,63.5,0.0,0.0,6.0
2466,2013-09-07,87.5,66.5,77.5,61.5,67.5,0.0,0.005,7.300000000000001
2468,2013-09-08,77.5,71.0,74.5,65.5,68.5,0.0,0.0,11.95
2470,2013-09-09,94.0,68.5,81.5,69.0,73.5,0.0,0.0,9.649999999999999
2472,2013-09-10,95.5,77.5,86.5,63.5,71.0,0.0,0.0,12.5
2474,2013-09-11,91.5,75.0,83.5,66.0,71.0,0.0,0.001,7.2
2476,2013-09-12,82.5,62.5,72.5,58.5,64.0,0.0,0.0305,9.600000000000001
2478,2013-09-13,67.0,53.0,60.5,45.0,52.5,0.0,0.0005,12.5
2480,2013-09-14,72.0,49.0,61.0,42.0,52.0,0.0,0.0,6.1
2482,2013-09-15,62.0,57.0,59.5,51.5,55.0,0.0,0.445,5.25
2484,2013-09-16,64.0,53.0,59.0,47.0,52.5,0.0,0.0005,11.8
2486,2013-09-17,70.5,51.0,61.0,50.0,55.5,0.0,0.0005,7.8999999999999995
2488,2013-09-18,81.5,61.0,71.5,59.0,63.0,0.0,0.53,9.05
2490,2013-09-19,84.0,69.5,77.0,67.0,69.5,0.0,0.4205,10.3
2492,2013-09-20,76.5,58.5,67.5,59.5,63.0,0.0,0.0105,11.1
2494,2013-09-21,67.0,51.5,59.5,47.0,53.0,0.0,0.0,9.75
2496,2013-09-22,67.0,49.0,58.0,46.0,51.5,0.0,0.0,7.15
2498,2013-09-23,67.0,48.0,58.0,46.5,52.5,0.0,0.0,6.85
2500,2013-09-24,80.5,50.5,66.0,48.5,54.0,0.0,0.0,7.85
2502,2013-09-25,70.5,53.5,62.5,51.5,56.0,0.0,0.0,6.15
2504,2013-09-26,75.0,52.5,64.0,52.0,58.0,0.0,0.0,4.4
2506,2013-09-27,80.5,54.5,68.0,49.5,57.0,0.0,0.0,7.35
2508,2013-09-28,84.5,56.5,71.0,55.0,61.5,0.0,0.11,12.0
2510,2013-09-29,76.0,52.0,64.0,48.5,54.0,0.0,0.2,7.699999999999999
2512,2013-09-30,75.0,48.5,62.0,48.0,55.0,0.0,0.0,5.550000000000001
2514,2013-10-01,79.0,62.0,71.0,61.5,64.5,0.0,0.0,11.85
2516,2013-10-02,76.5,63.0,70.0,50.0,59.0,0.0,0.0,6.85
2518,2013-10-03,78.0,62.0,70.0,65.0,67.0,0.0,0.46,7.800000000000001
2520,2013-10-04,75.0,65.5,70.5,64.5,66.0,0.0,0.0005,6.1
2522,2013-10-05,80.5,63.0,72.0,66.0,68.0,0.0,0.75,7.25
2524,2013-10-06,70.0,46.5,58.5,44.0,49.5,0.0,0.075,10.05
2526,2013-10-07,67.5,45.0,56.5,44.5,50.0,0.0,0.0005,9.05
2528,2013-10-08,75.5,46.0,61.0,47.0,53.0,0.0,0.0,5.3
2530,2013-10-09,70.5,50.0,60.5,47.0,53.0,0.0,0.0,4.75
2532,2013-10-10,74.5,48.5,61.5,49.5,55.0,0.0,0.0,3.8499999999999996
2534,2013-10-11,76.5,53.5,65.5,49.5,56.0,0.0,0.0,7.300000000000001
2536,2013-10-12,73.0,49.5,61.5,53.0,57.0,0.0,0.065,8.0
2538,2013-10-13,64.5,45.0,55.0,40.5,48.0,0.0,0.0,5.8
2540,2013-10-14,62.0,43.5,53.0,43.5,49.0,0.0,0.0,8.4
2542,2013-10-15,64.5,50.0,57.5,50.5,54.0,0.0,0.08,10.149999999999999
2544,2013-10-16,54.0,47.0,51.0,44.0,47.5,0.0,0.001,10.75
2546,2013-10-17,53.5,42.0,48.0,43.5,46.5,0.0,0.22999999999999998,7.4
2548,2013-10-18,50.0,40.5,45.5,39.5,43.0,0.0,0.0,8.649999999999999
2550,2013-10-19,54.0,42.5,48.5,36.5,42.5,0.0,0.01,9.8
2552,2013-10-20,63.0,38.5,51.0,41.5,46.5,0.0,0.015,7.25
2554,2013-10-21,55.0,34.5,45.0,31.5,39.0,0.0,0.0155,11.15
2556,2013-10-22,41.5,30.0,36.0,31.0,34.5,0.001,0.0155,5.75
2558,2013-10-23,46.0,32.0,39.0,27.0,34.0,0.0,0.001,9.6
2560,2013-10-24,44.0,32.5,38.5,25.0,33.5,0.001,0.0005,10.4
2562,2013-10-25,51.0,29.0,40.0,26.0,35.5,0.0,0.0,11.5
2564,2013-10-26,55.0,37.5,46.5,29.0,39.0,0.0,0.0,13.8
2566,2013-10-27,54.5,30.5,43.0,29.0,37.5,0.0,0.0,6.65
2568,2013-10-28,53.5,35.5,44.5,37.5,41.5,0.0,0.0,9.850000000000001
2570,2013-10-29,57.0,42.5,50.0,39.5,45.0,0.0,0.001,7.05
2572,2013-10-30,63.5,45.0,54.5,52.0,53.0,0.0,0.855,6.85
2574,2013-10-31,64.5,46.5,55.5,56.0,57.0,0.0,1.535,11.45
2576,2014-05-01,49.5,42.5,46.5,40.0,43.0,0.0,0.09,13.7
2578,2014-05-02,66.5,46.5,57.0,41.0,46.0,0.0,0.0205,11.7
2580,2014-05-03,67.5,47.5,58.0,38.0,48.5,0.0,0.0,14.399999999999999
2582,2014-05-04,59.5,45.5,52.5,30.0,42.0,0.0,0.0,10.55
2584,2014-05-05,57.0,44.0,50.5,35.0,43.0,0.0,0.030000000000000002,13.45
2586,2014-05-06,63.0,43.0,53.0,36.0,46.0,0.0,0.0,13.7
2588,2014-05-07,79.0,50.0,64.5,44.5,52.5,0.0,0.001,9.100000000000001
2590,2014-05-08,91.0,59.5,75.5,56.5,64.5,0.0,0.05,14.25
2592,2014-05-09,74.5,55.5,65.5,54.0,59.5,0.0,1.23,15.65
2594,2014-05-10,77.0,49.5,63.5,43.0,53.0,0.0,0.0,6.85
2596,2014-05-11,83.0,57.5,70.5,54.0,60.0,0.0,0.265,9.5
2598,2014-05-12,85.0,64.5,75.0,65.5,68.5,0.0,1.0599999999999998,12.25
2600,2014-05-13,68.5,53.0,61.0,54.0,57.0,0.0,0.13,11.55
2602,2014-05-14,56.5,44.0,50.5,40.0,47.0,0.0,0.04,12.25
2604,2014-05-15,56.0,41.0,49.0,36.5,42.0,0.0,0.225,13.6
2606,2014-05-16,45.5,39.0,42.5,35.5,39.0,0.0,0.09,8.55
2608,2014-05-17,60.5,40.0,50.5,33.5,43.0,0.0,0.0,8.35
2610,2014-05-18,69.5,47.5,58.5,37.5,48.5,0.0,0.0,9.85
2612,2014-05-19,70.0,49.0,59.5,40.0,51.0,0.0,0.001,12.65
2614,2014-05-20,86.0,62.5,74.5,59.0,64.0,0.0,0.73,11.5
2616,2014-05-21,87.5,65.5,77.0,56.5,64.5,0.0,0.01,7.7
2618,2014-05-22,69.5,53.5,62.0,48.5,55.0,0.0,0.0,7.15
2620,2014-05-23,68.5,49.5,59.5,44.5,51.5,0.0,0.0,6.25
2622,2014-05-24,74.0,48.5,61.5,43.5,52.5,0.0,0.0,4.9
2624,2014-05-25,84.0,52.0,68.5,47.5,57.0,0.0,0.0,4.75
2626,2014-05-26,88.5,64.0,76.5,60.5,66.0,0.0,0.04,7.6
2628,2014-05-27,85.0,59.5,72.5,63.0,66.5,0.0,0.355,9.85
2630,2014-05-28,72.0,57.0,65.0,51.5,57.0,0.0,0.35500000000000004,9.2
2632,2014-05-29,76.5,55.5,66.0,53.0,58.0,0.0,0.0,9.35
2634,2014-05-30,79.0,55.0,67.0,51.0,58.0,0.0,0.0,7.5
2636,2014-05-31,88.5,57.0,73.0,51.5,60.5,0.0,0.0,7.7
2638,2014-06-01,91.0,66.0,79.0,59.5,67.0,0.0,0.001,12.55
2640,2014-06-02,84.0,68.5,76.5,63.5,68.5,0.0,0.17,14.8
2642,2014-06-03,81.5,68.0,75.0,51.5,61.0,0.0,0.0,10.15
2644,2014-06-04,71.0,56.5,64.0,54.5,58.0,0.0,0.155,10.100000000000001
2646,2014-06-05,75.5,54.0,65.0,43.0,54.0,0.0,0.0,6.9
2648,2014-06-06,81.5,51.5,66.5,41.0,54.5,0.0,0.0,5.25
2650,2014-06-07,84.5,59.5,72.5,50.5,59.5,0.0,0.1,7.4
2652,2014-06-08,71.0,54.5,63.0,46.0,54.0,0.0,0.22,14.899999999999999
2654,2014-06-09,78.5,55.5,67.5,50.0,56.5,0.0,0.0,8.25
2656,2014-06-10,68.0,57.5,63.0,53.5,57.0,0.0,0.855,9.7
2658,2014-06-11,68.0,59.5,64.0,57.5,60.0,0.0,0.275,6.6
2660,2014-06-12,80.5,60.5,71.0,57.5,63.0,0.0,0.0055,9.9
2662,2014-06-13,75.0,56.0,65.5,43.0,53.5,0.0,0.0,8.65
2664,2014-06-14,79.5,54.5,67.5,43.0,55.5,0.0,0.0,8.45
2666,2014-06-15,85.0,62.0,73.5,56.5,64.0,0.0,0.0005,15.1
2668,2014-06-16,89.0,68.0,79.0,62.5,68.5,0.0,0.0,8.75
2670,2014-06-17,92.0,78.0,85.0,66.0,72.0,0.0,0.0005,13.25
2672,2014-06-18,83.5,62.0,73.0,65.0,68.0,0.0,0.7250000000000001,10.399999999999999
2674,2014-06-19,80.5,59.5,70.0,63.5,66.0,0.0,0.355,7.8999999999999995
2676,2014-06-20,85.5,64.5,75.0,65.0,68.5,0.0,0.02,8.65
2678,2014-06-21,84.5,61.5,73.0,63.5,66.0,0.0,1.005,6.9
2680,2014-06-22,82.0,64.5,73.5,62.5,65.5,0.0,0.0,5.35
2682,2014-06-23,82.5,67.5,75.5,67.0,69.5,0.0,0.10500000000000001,5.5
2684,2014-06-24,86.0,70.0,78.5,67.5,70.5,0.0,0.7799999999999999,5.2
2686,2014-06-25,79.5,60.5,70.5,60.5,63.0,0.0,0.0105,6.75
2688,2014-06-26,77.5,59.5,69.0,58.5,62.0,0.0,0.0,6.949999999999999
2690,2014-06-27,89.5,60.5,75.5,63.5,68.5,0.0,0.0005,9.4
2692,2014-06-28,87.5,73.0,80.5,68.5,71.5,0.0,0.08,11.899999999999999
2694,2014-06-29,86.5,70.0,78.5,68.5,72.0,0.0,0.05500000000000001,13.05
2696,2014-06-30,87.5,67.5,77.5,69.0,71.5,0.0,2.33,12.649999999999999
2698,2014-07-01,82.0,67.5,75.0,62.0,66.5,0.0,0.0205,13.5
2700,2014-07-02,72.0,57.0,64.5,54.5,58.5,0.0,0.12,9.649999999999999
2702,2014-07-03,75.5,56.5,66.0,49.5,57.0,0.0,0.060000000000000005,6.9
2704,2014-07-04,79.0,59.0,69.5,49.0,58.0,0.0,0.0,7.15
2706,2014-07-05,78.0,61.5,70.0,54.5,61.0,0.0,0.0055,8.95
2708,2014-07-06,88.0,64.5,76.5,64.5,69.0,0.0,0.0,12.600000000000001
2710,2014-07-07,88.5,71.5,80.5,64.5,70.0,0.0,0.5549999999999999,9.45
2712,2014-07-08,82.5,68.0,75.5,60.5,66.5,0.0,0.51,12.5
2714,2014-07-09,80.5,63.0,72.0,56.0,62.5,0.0,0.0,7.25
2716,2014-07-10,78.5,61.5,70.5,54.5,61.0,0.0,0.0,4.9
2718,2014-07-11,82.0,61.5,72.0,54.0,62.0,0.0,0.0055,5.95
2720,2014-07-12,80.5,70.0,75.5,67.5,70.5,0.0,1.8900000000000001,10.55
2722,2014-07-13,85.5,69.5,78.0,63.0,68.0,0.0,0.025,9.85
2724,2014-07-14,80.5,62.5,72.0,55.5,62.0,0.0,0.28500000000000003,7.75
2726,2014-07-15,70.5,56.0,63.5,51.5,57.0,0.0,0.05,10.45
2728,2014-07-16,72.5,55.5,64.5,48.5,56.0,0.0,0.0,7.25
2730,2014-07-17,78.0,56.0,67.0,51.5,58.5,0.0,0.0,5.3
2732,2014-07-18,80.0,61.5,71.0,54.0,61.0,0.0,0.0,6.550000000000001
2734,2014-07-19,80.0,59.5,70.0,54.0,61.5,0.0,0.0,4.449999999999999
2736,2014-07-20,83.0,63.0,73.0,57.5,64.0,0.0,0.0,4.45
2738,2014-07-21,86.5,65.5,76.5,62.0,67.5,0.0,0.0,7.6
2740,2014-07-22,90.5,70.5,81.0,68.5,72.5,0.0,0.1,12.4
2742,2014-07-23,75.5,61.5,68.5,53.5,59.5,0.0,0.0,16.4
2744,2014-07-24,75.0,58.5,67.0,49.5,57.5,0.0,0.0,8.5
2746,2014-07-25,76.0,57.5,67.0,55.5,61.0,0.0,0.001,9.149999999999999
2748,2014-07-26,84.5,69.0,77.0,65.0,68.5,0.0,0.0,6.8
2750,2014-07-27,88.0,65.5,77.0,60.5,67.0,0.0,0.03,14.6
2752,2014-07-28,73.0,60.5,67.0,49.0,57.0,0.0,0.0,11.649999999999999
2754,2014-07-29,81.0,59.0,70.5,54.0,61.0,0.0,0.005,8.8
2756,2014-07-30,79.5,60.0,70.0,56.0,61.0,0.0,0.0,6.2
2758,2014-07-31,84.5,61.0,73.0,57.0,63.5,0.0,0.0,8.45
2760,2014-08-01,84.0,64.5,74.5,58.0,64.0,0.0,0.18,7.1
2762,2014-08-02,85.0,61.0,73.5,54.5,62.0,0.0,0.0,4.4
2764,2014-08-03,87.0,64.0,76.0,60.0,66.0,0.0,0.0,6.7
2766,2014-08-04,87.5,67.5,77.5,62.0,67.0,0.0,2.29,8.2
2768,2014-08-05,80.0,66.0,73.0,64.0,67.0,0.0,0.035500000000000004,5.75
2770,2014-08-06,80.5,63.5,72.0,55.5,62.5,0.0,0.0,6.3
2772,2014-08-07,81.0,65.0,73.0,58.5,64.5,0.0,0.0,9.15
2774,2014-08-08,82.0,68.0,75.0,58.5,65.0,0.0,0.0,10.899999999999999
2776,2014-08-09,80.0,67.0,73.5,58.0,64.0,0.0,0.0,9.8
2778,2014-08-10,81.5,70.0,76.0,60.5,66.0,0.0,0.0,8.5
2780,2014-08-11,83.0,67.5,75.5,65.0,68.0,0.0,1.005,7.449999999999999
2782,2014-08-12,70.0,62.0,66.5,57.0,60.5,0.0,0.115,11.6
2784,2014-08-13,82.5,58.0,70.5,57.0,62.0,0.0,0.0,8.65
2786,2014-08-14,72.5,59.0,66.0,49.0,57.0,0.0,0.0,8.3
2788,2014-08-15,78.5,53.5,66.0,50.5,58.5,0.0,0.0,6.1
2790,2014-08-16,81.5,63.0,72.5,62.5,66.0,0.0,0.0,8.3
2792,2014-08-17,71.5,65.0,68.5,62.5,64.5,0.0,0.0005,8.55
2794,2014-08-18,84.0,66.0,75.0,64.0,67.5,0.0,0.0,5.300000000000001
2796,2014-08-19,86.0,71.0,79.0,66.5,70.0,0.0,0.11,11.1
2798,2014-08-20,86.5,67.0,77.0,65.0,69.5,0.0,0.0,8.0
2800,2014-08-21,81.0,70.5,76.0,70.0,71.5,0.0,1.135,5.65
2802,2014-08-22,86.5,73.0,80.0,71.5,74.0,0.0,2.375,6.199999999999999
2804,2014-08-23,86.5,69.5,78.0,70.5,72.5,0.0,0.42000000000000004,4.45
2806,2014-08-24,88.5,71.5,80.0,71.0,73.5,0.0,0.0,7.35
2808,2014-08-25,90.0,72.0,81.5,70.0,72.5,0.0,0.395,6.9
2810,2014-08-26,85.5,60.0,73.0,66.5,70.0,0.0,0.0605,5.949999999999999
2812,2014-08-27,81.5,68.5,75.5,61.5,66.0,0.0,0.0,7.0
2814,2014-08-28,77.0,68.0,72.5,59.0,64.5,0.0,0.0105,8.55
2816,2014-08-29,87.0,72.0,80.0,68.0,71.0,0.0,0.04,10.8
2818,2014-08-30,84.5,72.0,78.5,67.0,70.5,0.0,0.1355,12.05
2820,2014-08-31,86.0,69.5,78.0,67.0,70.5,0.0,0.0,7.15
2822,2014-09-01,84.0,72.0,78.5,67.0,70.5,0.0,0.1805,12.35
2824,2014-09-02,83.5,68.0,76.0,61.0,66.0,0.0,0.005,6.300000000000001
2826,2014-09-03,84.0,64.0,74.0,61.0,66.5,0.0,0.0,6.800000000000001
2828,2014-09-04,86.0,72.0,79.0,67.5,71.0,0.0,0.24,12.649999999999999
2830,2014-09-05,88.5,65.5,77.0,67.0,70.5,0.0,0.46499999999999997,11.55
2832,2014-09-06,75.5,61.0,68.5,52.5,59.0,0.0,0.0,8.25
2834,2014-09-07,79.5,56.0,68.0,51.0,58.5,0.0,0.0,4.449999999999999
2836,2014-09-08,78.0,57.5,68.0,53.0,60.0,0.0,0.0,6.050000000000001
2838,2014-09-09,80.0,64.5,72.5,60.5,65.0,0.0,0.01,8.05
2840,2014-09-10,81.0,57.0,69.0,62.5,65.5,0.0,1.46,15.950000000000001
2842,2014-09-11,57.0,51.0,54.0,43.5,48.5,0.0,0.0,10.45
2844,2014-09-12,56.0,45.0,51.0,45.5,48.0,0.0,0.115,12.15
2846,2014-09-13,59.5,41.5,50.5,41.0,45.5,0.0,0.005,7.300000000000001
2848,2014-09-14,66.0,44.0,55.5,43.5,50.0,0.0,0.0,4.75
2850,2014-09-15,62.0,52.5,57.5,49.0,53.0,0.0,0.001,5.65
2852,2014-09-16,68.5,45.5,57.0,44.5,51.0,0.0,0.0,4.550000000000001
2854,2014-09-17,71.0,48.5,60.0,46.5,53.0,0.0,0.0,3.4
2856,2014-09-18,71.0,53.0,62.5,53.0,56.5,0.0,0.0,6.1
2858,2014-09-19,77.0,55.0,66.5,48.5,56.5,0.0,0.0,11.0
2860,2014-09-20,78.5,63.0,71.0,61.5,64.5,0.0,0.12,11.1
2862,2014-09-21,69.5,51.5,60.5,50.5,55.5,0.0,0.001,12.8
2864,2014-09-22,68.0,47.0,58.0,44.0,50.5,0.0,0.0,5.85
2866,2014-09-23,75.0,50.5,63.0,47.0,54.0,0.0,0.0,5.25
2868,2014-09-24,77.0,54.0,66.0,49.5,56.5,0.0,0.0,5.5
2870,2014-09-25,76.0,57.0,66.5,53.0,58.5,0.0,0.0,2.8
2872,2014-09-26,80.0,55.0,67.5,54.0,59.5,0.0,0.0,4.85
2874,2014-09-27,79.0,57.5,68.5,55.5,60.5,0.0,0.0,4.25
2876,2014-09-28,78.5,55.5,67.5,56.0,60.5,0.0,0.0,3.25
2878,2014-09-29,83.5,55.0,69.5,55.5,59.5,0.0,0.0055,9.0
2880,2014-09-30,59.5,49.0,54.5,48.0,51.0,0.0,0.001,10.2
2882,2014-10-01,71.5,50.5,61.5,50.5,56.0,0.0,0.0005,9.5
2884,2014-10-02,73.5,64.5,69.5,62.0,64.0,0.0,0.52,7.9
2886,2014-10-03,66.5,44.5,55.5,46.0,50.5,0.0,0.865,16.0
2888,2014-10-04,48.0,36.0,42.0,34.5,40.0,0.001,0.055,13.65
2890,2014-10-05,55.5,39.5,47.5,35.5,43.0,0.0,0.0055,9.85
2892,2014-10-06,62.0,45.0,54.0,39.0,46.0,0.0,0.01,9.65
2894,2014-10-07,67.5,48.5,58.0,44.0,50.5,0.0,0.0005,11.6
2896,2014-10-08,66.0,46.0,56.5,35.5,47.0,0.0,0.0,11.25
2898,2014-10-09,63.0,46.5,55.0,35.0,45.0,0.0,0.0,6.05
2900,2014-10-10,58.5,41.5,50.5,39.5,45.0,0.0,0.0,6.699999999999999
2902,2014-10-11,59.5,38.0,49.0,35.0,43.0,0.0,0.0,4.6
2904,2014-10-12,63.5,41.5,53.0,43.0,48.5,0.0,0.01,9.5
2906,2014-10-13,69.0,57.5,63.5,59.5,61.0,0.0,0.54,9.0
2908,2014-10-14,66.0,53.0,60.0,58.0,59.0,0.0,0.915,9.399999999999999
2910,2014-10-15,56.5,51.5,54.5,52.0,52.5,0.0,0.060000000000000005,9.8
2912,2014-10-16,57.0,51.5,54.5,50.5,52.0,0.0,0.001,7.9
2914,2014-10-17,62.5,48.5,55.5,47.0,51.0,0.0,0.0055,12.95
2916,2014-10-18,51.0,37.5,44.5,39.0,43.0,0.0,0.015,8.95
2918,2014-10-19,55.5,34.5,45.5,39.0,43.5,0.0,0.0,8.6
2920,2014-10-20,65.5,48.0,57.0,45.0,50.0,0.0,0.005,9.2
2922,2014-10-21,53.5,47.0,50.5,40.0,45.0,0.0,0.0,11.5
2924,2014-10-22,56.0,39.0,48.0,38.0,43.5,0.0,0.0,4.949999999999999
2926,2014-10-23,60.5,38.5,50.0,40.5,46.0,0.0,0.0005,8.1
2928,2014-10-24,67.5,53.0,60.5,47.0,52.5,0.0,0.0,5.8
2930,2014-10-25,73.5,50.5,62.5,40.5,51.5,0.0,0.0,10.65
2932,2014-10-26,65.0,43.0,54.0,32.5,44.5,0.0,0.0,5.6
2934,2014-10-27,78.0,52.5,65.5,51.5,58.5,0.0,0.01,13.25
2936,2014-10-28,67.0,46.5,57.0,39.0,47.5,0.0,0.0155,15.1
2938,2014-10-29,49.0,38.0,44.0,33.0,41.0,0.0,0.0,9.45
2940,2014-10-30,52.0,34.5,43.5,34.5,41.0,0.0,0.0005,6.0
2942,2014-10-31,48.0,33.5,41.0,27.0,34.5,0.1,0.035,22.75
